DATE,TIME,BOROUGH,ZIP CODE,LATITUDE,LONGITUDE,LOCATION,ON STREET NAME,CROSS STREET NAME,OFF STREET NAME,NUMBER OF PERSONS INJURED,NUMBER OF PERSONS KILLED,NUMBER OF PEDESTRIANS INJURED,NUMBER OF PEDESTRIANS KILLED,NUMBER OF CYCLIST INJURED,NUMBER OF CYCLIST KILLED,NUMBER OF MOTORIST INJURED,NUMBER OF MOTORIST KILLED,CONTRIBUTING FACTOR VEHICLE 1,CONTRIBUTING FACTOR VEHICLE 2,CONTRIBUTING FACTOR VEHICLE 3,CONTRIBUTING FACTOR VEHICLE 4,CONTRIBUTING FACTOR VEHICLE 5,UNIQUE KEY,VEHICLE TYPE CODE 1,VEHICLE TYPE CODE 2,VEHICLE TYPE CODE 3,VEHICLE TYPE CODE 4,VEHICLE TYPE CODE 5
10/18/2016,8:10,STATEN ISLAND,10312,40.5405508,-74.1931974,"(40.5405508, -74.1931974)",RATHBUN AVENUE                  ,NIPPON AVENUE,,1,0,1,0,0,0,0,0,Failure to Yield Right-of-Way,,,,,3542705,PASSENGER VEHICLE,,,,
10/18/2016,8:10,BROOKLYN,11238,40.6864547,-73.9681074,"(40.6864547, -73.9681074)",,,107       GREENE AVENUE                 ,1,0,0,0,1,0,0,0,Failure to Yield Right-of-Way,Unspecified,,,,3542406,PASSENGER VEHICLE,BICYCLE,,,
10/18/2016,8:10,BROOKLYN,11234,40.6261739,-73.9222336,"(40.6261739, -73.9222336)",,,5515      AVENUE K                      ,1,0,1,0,0,0,0,0,Pedestrian/Bicyclist/Other Pedestrian Error/Confusion,,,,,3543613,PASSENGER VEHICLE,,,,
10/18/2016,8:10,BROOKLYN,11218,40.6312756,-73.976049,"(40.6312756, -73.976049)",18 AVENUE                       ,EAST 2 STREET,,1,0,0,0,0,0,1,0,Unspecified,,,,,3548212,PASSENGER VEHICLE,,,,
10/18/2016,8:10,BROOKLYN,11217,40.6827366,-73.9722339,"(40.6827366, -73.9722339)",,,718       ATLANTIC AVENUE               ,1,0,0,0,0,0,1,0,Glare,Unspecified,,,,3542676,PICK-UP TRUCK,PASSENGER VEHICLE,,,
10/18/2016,8:10,,,40.7741706,-73.8293296,"(40.7741706, -73.8293296)",,,,0,0,0,0,0,0,0,0,Following Too Closely,Unspecified,,,,3542313,PASSENGER VEHICLE,SPORT UTILITY / STATION WAGON,,,
10/18/2016,8:10,,,40.7713758,-73.8771311,"(40.7713758, -73.8771311)",,,,0,0,0,0,0,0,0,0,Following Too Closely,Unspecified,,,,3542784,PASSENGER VEHICLE,SPORT UTILITY / STATION WAGON,,,
10/18/2016,8:10,,,40.7415268,-73.7845496,"(40.7415268, -73.7845496)",,,,0,0,0,0,0,0,0,0,Unsafe Lane Changing,Unspecified,,,,3542785,PASSENGER VEHICLE,SPORT UTILITY / STATION WAGON,,,
10/18/2016,8:10,,,40.7365373,-73.8560987,"(40.7365373, -73.8560987)",,,,0,0,0,0,0,0,0,0,Following Too Closely,Unspecified,,,,3542817,SPORT UTILITY / STATION WAGON,,,,
10/18/2016,8:10,,,40.7361484,-73.9265043,"(40.7361484, -73.9265043)",,,,0,0,0,0,0,0,0,0,Driver Inattention/Distraction,Unspecified,,,,3542842,PASSENGER VEHICLE,SPORT UTILITY / STATION WAGON,,,
10/18/2016,8:10,QUEENS,11426,40.7351801,-73.7183457,"(40.7351801, -73.7183457)",HILLSIDE AVENUE                 ,249 STREET,,0,0,0,0,0,0,0,0,Driver Inattention/Distraction,Unspecified,,,,3542378,SPORT UTILITY / STATION WAGON,SPORT UTILITY / STATION WAGON,,,
10/18/2016,8:10,QUEENS,11417,40.6719314,-73.8516353,"(40.6719314, -73.8516353)",NORTH CONDUIT AVENUE            ,84 STREET,,0,0,0,0,0,0,0,0,Unspecified,Unspecified,,,,3542302,PASSENGER VEHICLE,PASSENGER VEHICLE,,,
10/18/2016,8:10,QUEENS,11355,40.7606728,-73.8210074,"(40.7606728, -73.8210074)",,,144-20    41 AVENUE                     ,0,0,0,0,0,0,0,0,Backing Unsafely,,,,,3542309,PASSENGER VEHICLE,SPORT UTILITY / STATION WAGON,,,
10/18/2016,8:10,QUEENS,11103,40.7623893,-73.9117974,"(40.7623893, -73.9117974)",44 STREET                       ,30 AVENUE,,0,0,0,0,0,0,0,0,Glare,Turning Improperly,,,,3542337,PASSENGER VEHICLE,,,,
10/18/2016,8:10,QUEENS,11101,40.7462958,-73.9304085,"(40.7462958, -73.9304085)",34 STREET                       ,43 AVENUE,,0,0,0,0,0,0,0,0,Driver Inattention/Distraction,Unspecified,,,,3543640,PASSENGER VEHICLE,SPORT UTILITY / STATION WAGON,,,
10/18/2016,8:10,MANHATTAN,10035,40.8050573,-73.9390342,"(40.8050573, -73.9390342)",EAST 125 STREET                 ,PARK AVENUE,,0,0,0,0,0,0,0,0,Passing or Lane Usage Improper,Unsafe Lane Changing,,,,3542578,TAXI,TAXI,,,
10/18/2016,8:10,MANHATTAN,10018,40.7556432,-73.9909619,"(40.7556432, -73.9909619)",,,607       8 AVENUE                      ,0,0,0,0,0,0,0,0,Unspecified,,,,,3543544,,,,,
10/18/2016,8:10,MANHATTAN,10016,40.7437832,-73.9735076,"(40.7437832, -73.9735076)",EAST 34 STREET                  ,1 AVENUE,,0,0,0,0,0,0,0,0,,,,,,3543843,PASSENGER VEHICLE,PASSENGER VEHICLE,,,
10/18/2016,8:10,MANHATTAN,10011,40.7458255,-74.0018117,"(40.7458255, -74.0018117)",WEST 22 STREET                  ,9 AVENUE,,0,0,0,0,0,0,0,0,Following Too Closely,Unspecified,,,,3543137,MOTORCYCLE,PASSENGER VEHICLE,,,
10/18/2016,8:10,MANHATTAN,10003,40.7317985,-73.9821143,"(40.7317985, -73.9821143)",,,251       1 AVENUE                      ,0,0,0,0,0,0,0,0,Unspecified,Unspecified,,,,3545085,PASSENGER VEHICLE,,,,
10/18/2016,8:10,BROOKLYN,11234,40.6166112,-73.9266283,"(40.6166112, -73.9266283)",UTICA AVENUE                    ,AVENUE O,,0,0,0,0,0,0,0,0,Unsafe Lane Changing,Passing or Lane Usage Improper,,,,3543383,PASSENGER VEHICLE,PASSENGER VEHICLE,,,
10/18/2016,8:10,BROOKLYN,11222,40.7317513,-73.945513,"(40.7317513, -73.945513)",RUSSELL STREET                  ,GREENPOINT AVENUE,,0,0,0,0,0,0,0,0,Driver Inattention/Distraction,Unspecified,,,,3542393,PASSENGER VEHICLE,SPORT UTILITY / STATION WAGON,,,
10/18/2016,8:10,BROOKLYN,11206,40.707655,-73.9398375,"(40.707655, -73.9398375)",BUSHWICK AVENUE                 ,MONTROSE AVENUE,,0,0,0,0,0,0,0,0,Driver Inattention/Distraction,Driver Inattention/Distraction,,,,3542386,SPORT UTILITY / STATION WAGON,PASSENGER VEHICLE,,,
10/18/2016,8:10,BRONX,10468,40.8716697,-73.8977968,"(40.8716697, -73.8977968)",WEST 197 STREET                 ,RESERVOIR AVENUE,,0,0,0,0,0,0,0,0,Following Too Closely,Unspecified,,,,3542624,PASSENGER VEHICLE,PASSENGER VEHICLE,,,
10/18/2016,8:10,BRONX,10455,40.8084375,-73.9047176,"(40.8084375, -73.9047176)",BRUCKNER BOULEVARD              ,EAST 144 STREET,,0,0,0,0,0,0,0,0,Driver Inattention/Distraction,Unspecified,,,,3542679,SPORT UTILITY / STATION WAGON,,,,
10/18/2016,8:10,BRONX,10453,40.8538162,-73.9084987,"(40.8538162, -73.9084987)",DAVIDSON AVENUE                 ,WEST BURNSIDE AVENUE,,0,0,0,0,0,0,0,0,Failure to Yield Right-of-Way,Unsafe Speed,,,,3542440,PASSENGER VEHICLE,,,,
10/18/2016,7:10,,,40.8565383,-73.8725586,"(40.8565383, -73.8725586)",,,,2,0,0,0,0,0,2,0,Passing or Lane Usage Improper,Following Too Closely,Following Too Closely,Other Vehicular,Other Vehicular,3542564,PASSENGER VEHICLE,PASSENGER VEHICLE,PASSENGER VEHICLE,SPORT UTILITY / STATION WAGON,PASSENGER VEHICLE
10/18/2016,7:10,QUEENS,11356,40.7832242,-73.8440317,"(40.7832242, -73.8440317)",124 STREET                      ,18 AVENUE,,2,0,0,0,0,0,2,0,Failure to Yield Right-of-Way,Failure to Yield Right-of-Way,Unspecified,Unspecified,Unspecified,3542310,SPORT UTILITY / STATION WAGON,SPORT UTILITY / STATION WAGON,PASSENGER VEHICLE,SPORT UTILITY / STATION WAGON,SPORT UTILITY / STATION WAGON
10/18/2016,7:10,QUEENS,11411,40.6972177,-73.7289103,"(40.6972177, -73.7289103)",,,115-05    230 STREET                    ,1,0,0,0,0,0,1,0,Reaction to Other Uninvolved Vehicle,Unspecified,,,,3542377,PASSENGER VEHICLE,PASSENGER VEHICLE,,,
10/18/2016,7:10,BRONX,10453,40.8527062,-73.921835,"(40.8527062, -73.921835)",HARLEM RIVER PARK BRIDGE        ,RICHMAN PLAZA,,1,0,1,0,0,0,0,0,Unspecified,,,,,3546401,SPORT UTILITY / STATION WAGON,,,,
10/18/2016,7:10,QUEENS,11433,40.6991517,-73.7931255,"(40.6991517, -73.7931255)",,,106-33    BREWER BOULEVARD              ,0,0,0,0,0,0,0,0,Driver Inattention/Distraction,Unspecified,,,,3542506,PASSENGER VEHICLE,PASSENGER VEHICLE,,,
10/18/2016,7:10,QUEENS,11427,40.726229,-73.7567029,"(40.726229, -73.7567029)",GRAND CENTRAL PARKWAY           ,CLEARVIEW EXPRESSWAY,,0,0,0,0,0,0,0,0,Driver Inattention/Distraction,Unspecified,,,,3542456,PASSENGER VEHICLE,PASSENGER VEHICLE,,,
10/18/2016,7:10,QUEENS,11385,40.708364,-73.89514,"(40.708364, -73.89514)",,,64-04     WOODBINE STREET               ,0,0,0,0,0,0,0,0,Unspecified,,,,,3542453,PASSENGER VEHICLE,,,,
10/18/2016,7:10,QUEENS,11357,40.7807966,-73.8170464,"(40.7807966, -73.8170464)",20 ROAD                         ,149 STREET,,0,0,0,0,0,0,0,0,Failure to Yield Right-of-Way,Unspecified,,,,3542524,PASSENGER VEHICLE,PASSENGER VEHICLE,,,
10/18/2016,7:10,QUEENS,11103,40.7583179,-73.9106838,"(40.7583179, -73.9106838)",48 STREET                       ,31 AVENUE,,0,0,0,0,0,0,0,0,Failure to Yield Right-of-Way,Other Vehicular,,,,3543090,SPORT UTILITY / STATION WAGON,PASSENGER VEHICLE,,,
10/18/2016,7:10,MANHATTAN,10035,40.8027515,-73.933575,"(40.8027515, -73.933575)",2 AVENUE                        ,EAST 125 STREET,,0,0,0,0,0,0,0,0,Unspecified,Unspecified,,,,3542577,PICK-UP TRUCK,,,,
10/18/2016,7:10,MANHATTAN,10001,40.7495468,-73.987978,"(40.7495468, -73.987978)",,,1293      BROADWAY                      ,0,0,0,0,0,0,0,0,Driver Inattention/Distraction,Driver Inattention/Distraction,,,,3543533,TAXI,PASSENGER VEHICLE,,,
10/18/2016,7:10,BROOKLYN,11234,40.6003409,-73.9121411,"(40.6003409, -73.9121411)",,,2900      FLATBUSH AVENUE               ,0,0,0,0,0,0,0,0,Unsafe Lane Changing,Unspecified,,,,3542741,SPORT UTILITY / STATION WAGON,PASSENGER VEHICLE,,,
10/18/2016,7:10,BROOKLYN,11226,40.6527959,-73.9468749,"(40.6527959, -73.9468749)",LINDEN BOULEVARD                ,NEW YORK AVENUE,,0,0,0,0,0,0,0,0,Other Vehicular,Other Vehicular,,,,3547096,SPORT UTILITY / STATION WAGON,PASSENGER VEHICLE,,,
10/18/2016,7:10,BROOKLYN,11226,40.644617,-73.9621601,"(40.644617, -73.9621601)",BEVERLEY ROAD                   ,EAST 18 STREET,,0,0,0,0,0,0,0,0,Unspecified,Unspecified,,,,3543536,PASSENGER VEHICLE,PASSENGER VEHICLE,,,
10/18/2016,7:10,BROOKLYN,11221,40.6961746,-73.9190254,"(40.6961746, -73.9190254)",,,157       MENAHAN STREET                ,0,0,0,0,0,0,0,0,Driver Inattention/Distraction,Unspecified,,,,3542288,SPORT UTILITY / STATION WAGON,PASSENGER VEHICLE,,,
10/18/2016,7:10,BRONX,10470,40.895468,-73.8771213,"(40.895468, -73.8771213)",EAST 233 STREET                 ,VANCORTLANDT PARK EAST,,0,0,0,0,0,0,0,0,Turning Improperly,Unspecified,,,,3544397,VAN,SPORT UTILITY / STATION WAGON,,,
10/18/2016,7:10,BRONX,10467,40.8821685,-73.8635882,"(40.8821685, -73.8635882)",WHITE PLAINS ROAD               ,EAST 217 STREET,,0,0,0,0,0,0,0,0,Unspecified,Unspecified,,,,3542931,SPORT UTILITY / STATION WAGON,PASSENGER VEHICLE,,,
10/18/2016,6:10,,,40.7283682,-73.884484,"(40.7283682, -73.884484)",,,,1,0,0,0,0,0,1,0,Passing or Lane Usage Improper,Unspecified,,,,3542783,PASSENGER VEHICLE,UNKNOWN,,,
10/18/2016,6:10,,,40.6692204,-73.8010854,"(40.6692204, -73.8010854)",,,,1,0,0,0,0,0,2,0,Unspecified,,,,,3542591,PASSENGER VEHICLE,,,,
10/18/2016,6:10,QUEENS,11691,40.5958049,-73.7646462,"(40.5958049, -73.7646462)",SEAGIRT BOULEVARD               ,BEACH 32 STREET,,1,0,1,0,0,0,0,0,Driver Inattention/Distraction,,,,,3542615,,,,,
10/18/2016,6:10,QUEENS,11413,40.6752142,-73.7377926,"(40.6752142, -73.7377926)",232 STREET                      ,MERRICK BOULEVARD,,1,0,1,0,0,0,0,0,Failure to Yield Right-of-Way,,,,,3542379,PASSENGER VEHICLE,,,,
10/18/2016,6:10,,,40.6965588,-73.9809032,"(40.6965588, -73.9809032)",,,,0,0,0,0,0,0,0,0,Obstruction/Debris,,,,,3543272,PASSENGER VEHICLE,,,,
10/18/2016,6:10,,,40.6965588,-73.9809032,"(40.6965588, -73.9809032)",,,,0,0,0,0,0,0,0,0,Obstruction/Debris,,,,,3542710,SPORT UTILITY / STATION WAGON,,,,
10/18/2016,6:10,,,40.6965588,-73.9809032,"(40.6965588, -73.9809032)",,,,0,0,0,0,0,0,0,0,Obstruction/Debris,,,,,3542709,SPORT UTILITY / STATION WAGON,,,,
10/18/2016,6:10,QUEENS,11421,40.6936625,-73.8521639,"(40.6936625, -73.8521639)",WOODHAVEN BOULEVARD             ,JAMAICA AVENUE,,0,0,0,0,0,0,0,0,Driver Inattention/Distraction,Unspecified,,,,3542254,PASSENGER VEHICLE,PASSENGER VEHICLE,,,
10/18/2016,6:10,QUEENS,11413,40.6746823,-73.7633909,"(40.6746823, -73.7633909)",WESTGATE STREET                 ,136 AVENUE,,0,0,0,0,0,0,0,0,Unspecified,,,,,3542748,PASSENGER VEHICLE,,,,
10/18/2016,6:10,QUEENS,11101,40.7512003,-73.9344023,"(40.7512003, -73.9344023)",,,30-30     NORTHERN BOULEVARD            ,0,0,0,0,0,0,0,0,Driver Inattention/Distraction,Unspecified,,,,3542349,SPORT UTILITY / STATION WAGON,,,,
10/18/2016,6:10,BROOKLYN,11239,40.6580065,-73.8740698,"(40.6580065, -73.8740698)",LINWOOD STREET                  ,FLATLANDS AVENUE,,0,0,0,0,0,0,0,0,Unspecified,Unspecified,,,,3543096,SPORT UTILITY / STATION WAGON,,,,
10/18/2016,6:10,BROOKLYN,11211,40.712796,-73.9586657,"(40.712796, -73.9586657)",SOUTH 1 STREET                  ,ROEBLING STREET,,0,0,0,0,0,0,0,0,Unspecified,,,,,3549824,PASSENGER VEHICLE,,,,
10/18/2016,6:10,BROOKLYN,11207,40.6756249,-73.8987786,"(40.6756249, -73.8987786)",ATLANTIC AVENUE                 ,GEORGIA AVENUE,,0,0,0,0,0,0,0,0,Driver Inattention/Distraction,Unspecified,,,,3542441,PASSENGER VEHICLE,PASSENGER VEHICLE,,,
10/18/2016,6:10,BROOKLYN,11201,40.703331,-73.993389,"(40.703331, -73.993389)",BROOKLYN BRIDGE                 ,WATER STREET,,0,0,0,0,0,0,0,0,Following Too Closely,Unspecified,,,,3542244,SPORT UTILITY / STATION WAGON,SPORT UTILITY / STATION WAGON,,,
10/18/2016,6:10,BRONX,10452,40.8419615,-73.9152952,"(40.8419615, -73.9152952)",EAST 172 STREET                 ,TOWNSEND AVENUE,,0,0,0,0,0,0,0,0,View Obstructed/Limited,Passing or Lane Usage Improper,,,,3543233,SPORT UTILITY / STATION WAGON,,,,
10/18/2016,5:40,,,40.738728,-73.7242,"(40.738728, -73.7242)",,,,0,0,0,0,0,0,0,0,Driver Inattention/Distraction,Unspecified,,,,3542376,PASSENGER VEHICLE,PASSENGER VEHICLE,,,
10/18/2016,5:10,,,40.6887701,-73.999062,"(40.6887701, -73.999062)",,,,0,0,0,0,0,0,0,0,Unsafe Lane Changing,Unspecified,,,,3542621,PASSENGER VEHICLE,PASSENGER VEHICLE,,,
10/18/2016,5:10,BRONX,10459,40.820189,-73.8906752,"(40.820189, -73.8906752)",BRUCKNER BOULEVARD              ,HUNTS POINT AVENUE,,0,0,0,0,0,0,0,0,Unsafe Lane Changing,Unspecified,,,,3543237,PASSENGER VEHICLE,PASSENGER VEHICLE,,,
10/18/2016,3:10,BRONX,10460,40.8394768,-73.8777451,"(40.8394768, -73.8777451)",DEVOE AVENUE                    ,WYATT STREET,,1,0,1,0,0,0,0,0,Driver Inattention/Distraction,,,,,3544593,SPORT UTILITY / STATION WAGON,,,,
10/18/2016,3:10,BROOKLYN,11201,40.696131,-73.9871041,"(40.696131, -73.9871041)",TILLARY STREET                  ,JAY STREET,,0,0,0,0,0,0,0,0,Turning Improperly,Turning Improperly,,,,3542151,,,,,
10/18/2016,2:10,MANHATTAN,10003,40.7262797,-73.9893712,"(40.7262797, -73.9893712)",,,69        2 AVENUE                      ,1,0,1,0,0,0,0,0,Driver Inattention/Distraction,,,,,3542214,SPORT UTILITY / STATION WAGON,,,,
10/18/2016,2:10,,,40.7141086,-73.9532051,"(40.7141086, -73.9532051)",,,,0,0,0,0,0,0,0,0,,,,,,3542405,PASSENGER VEHICLE,,,,
10/18/2016,2:10,BRONX,10457,40.8409677,-73.911339,"(40.8409677, -73.911339)",,,1511      SHERIDAN AVENUE               ,0,0,0,0,0,0,0,0,Driver Inattention/Distraction,Unspecified,,,,3543114,PASSENGER VEHICLE,,,,
10/18/2016,23:10,,,40.88742,-73.89449,"(40.88742, -73.89449)",,,,1,0,0,0,0,0,1,0,Unspecified,,,,,3542631,PASSENGER VEHICLE,,,,
10/18/2016,23:10,,,40.7661014,-73.9510849,"(40.7661014, -73.9510849)",,,,0,0,0,0,0,0,0,0,Unspecified,Unspecified,,,,3543182,SPORT UTILITY / STATION WAGON,,,,
10/18/2016,23:10,,,40.7014547,-73.9896203,"(40.7014547, -73.9896203)",,,,0,0,0,0,0,0,0,0,Following Too Closely,Unspecified,,,,3547170,PASSENGER VEHICLE,PASSENGER VEHICLE,,,
10/18/2016,23:10,,,40.5842817,-73.925282,"(40.5842817, -73.925282)",,,,0,0,0,0,0,0,0,0,Driver Inattention/Distraction,Unspecified,,,,3542872,SPORT UTILITY / STATION WAGON,SPORT UTILITY / STATION WAGON,,,
10/18/2016,23:10,BROOKLYN,11222,40.7270508,-73.9546954,"(40.7270508, -73.9546954)",,,183       GUERNSEY STREET               ,0,0,0,0,0,0,0,0,Unspecified,,,,,3542887,PASSENGER VEHICLE,,,,
10/18/2016,23:10,BROOKLYN,11208,40.6796103,-73.8664542,"(40.6796103, -73.8664542)",,,456       GRANT AVENUE                  ,0,0,0,0,0,0,0,0,Unspecified,,,,,3543530,PASSENGER VEHICLE,,,,
10/18/2016,22:10,BROOKLYN,11236,40.6403748,-73.8970125,"(40.6403748, -73.8970125)",ROCKAWAY PARKWAY                ,AVENUE K,,2,0,0,0,0,0,2,0,Unspecified,Unspecified,,,,3543493,PASSENGER VEHICLE,PASSENGER VEHICLE,,,
10/18/2016,22:10,BROOKLYN,11216,40.6736318,-73.9539999,"(40.6736318, -73.9539999)",PARK PLACE                      ,BEDFORD AVENUE,,1,0,0,0,0,0,1,0,Alcohol Involvement,Unspecified,,,,3542633,PASSENGER VEHICLE,PASSENGER VEHICLE,,,
10/18/2016,22:10,,,40.72895,-73.9279233,"(40.72895, -73.9279233)",,,,0,0,0,0,0,0,0,0,Driver Inattention/Distraction,Driver Inattention/Distraction,,,,3543180,SPORT UTILITY / STATION WAGON,SPORT UTILITY / STATION WAGON,,,
10/18/2016,22:10,,,40.6656018,-73.7464742,"(40.6656018, -73.7464742)",,,,0,0,0,0,0,0,0,0,Driver Inattention/Distraction,Unspecified,,,,3543132,PASSENGER VEHICLE,PASSENGER VEHICLE,,,
10/18/2016,22:10,MANHATTAN,10033,40.8510139,-73.937239,"(40.8510139, -73.937239)",,,21        MAGAW PLACE                   ,0,0,0,0,0,0,0,0,Unspecified,,,,,3542942,PASSENGER VEHICLE,,,,
10/18/2016,22:10,MANHATTAN,10016,40.74342,-73.9840166,"(40.74342, -73.9840166)",,,404       PARK AVENUE SOUTH             ,0,0,0,0,0,0,0,0,Unspecified,Unspecified,,,,3545094,SPORT UTILITY / STATION WAGON,SPORT UTILITY / STATION WAGON,,,
10/18/2016,22:10,MANHATTAN,10001,40.7503927,-73.9947811,"(40.7503927, -73.9947811)",,,421       8 AVENUE                      ,0,0,0,0,0,0,0,0,Driver Inexperience,Driver Inexperience,,,,3543596,TAXI,TAXI,,,
10/18/2016,22:10,BROOKLYN,11234,40.6333391,-73.9284042,"(40.6333391, -73.9284042)",,,1601      UTICA AVENUE                  ,0,0,0,0,0,0,0,0,Backing Unsafely,Unspecified,,,,3542810,PASSENGER VEHICLE,SPORT UTILITY / STATION WAGON,,,
10/18/2016,22:10,BROOKLYN,11231,40.6803163,-73.9968849,"(40.6803163, -73.9968849)",1 PLACE                         ,COURT STREET,,0,0,0,0,0,0,0,0,Unspecified,,,,,3542626,SPORT UTILITY / STATION WAGON,,,,
10/18/2016,22:10,BROOKLYN,11216,40.6809637,-73.9376442,"(40.6809637, -73.9376442)",DECATUR STREET                  ,MARCUS GARVEY BOULEVARD,,0,0,0,0,0,0,0,0,Unsafe Speed,Following Too Closely,,,,3543789,PASSENGER VEHICLE,PASSENGER VEHICLE,,,
10/18/2016,18:10,STATEN ISLAND,10304,40.5980812,-74.0922851,"(40.5980812, -74.0922851)",RICHMOND ROAD                   ,HASBROUCK ROAD,,0,0,0,0,0,0,0,0,Unsafe Speed,Unspecified,,,,3542797,SPORT UTILITY / STATION WAGON,,,,
10/18/2016,18:10,QUEENS,11434,40.68502,-73.7719609,"(40.68502, -73.7719609)",,,119-74    MERRICK BOULEVARD             ,0,0,0,0,0,0,0,0,Driver Inattention/Distraction,Unspecified,,,,3542746,PICK-UP TRUCK,PICK-UP TRUCK,,,
10/18/2016,18:10,QUEENS,11433,40.7031249,-73.7894417,"(40.7031249, -73.7894417)",,,168-37    LIBERTY AVENUE                ,0,0,0,0,0,0,0,0,Driver Inattention/Distraction,Unspecified,,,,3542732,PICK-UP TRUCK,SPORT UTILITY / STATION WAGON,,,
10/18/2016,18:10,QUEENS,11363,40.76226,-73.7569828,"(40.76226, -73.7569828)",NORTHERN BOULEVARD              ,CROSS ISLAND PARKWAY,,0,0,0,0,0,0,0,0,Driver Inattention/Distraction,Unspecified,,,,3543225,SPORT UTILITY / STATION WAGON,PASSENGER VEHICLE,,,
10/18/2016,18:10,MANHATTAN,10034,40.8691624,-73.9204128,"(40.8691624, -73.9204128)",,,609       ISHAM STREET                  ,0,0,0,0,0,0,0,0,Unspecified,,,,,3542966,PASSENGER VEHICLE,,,,
10/18/2016,18:10,MANHATTAN,10029,40.7923026,-73.9504581,"(40.7923026, -73.9504581)",MADISON AVENUE                  ,EAST 104 STREET,,0,0,0,0,0,0,0,0,Aggressive Driving/Road Rage,Driver Inattention/Distraction,,,,3542699,PASSENGER VEHICLE,PASSENGER VEHICLE,,,
10/18/2016,18:10,MANHATTAN,10027,40.8141902,-73.9606873,"(40.8141902, -73.9606873)",LASALLE STREET                  ,CLAREMONT AVENUE,,0,0,0,0,0,0,0,0,Driver Inattention/Distraction,Unspecified,,,,3543158,PASSENGER VEHICLE,PASSENGER VEHICLE,,,
10/18/2016,18:10,MANHATTAN,10019,40.7645212,-73.9807734,"(40.7645212, -73.9807734)",,,870       7 AVENUE                      ,0,0,0,0,0,0,0,0,Driver Inattention/Distraction,Unspecified,,,,3542693,PASSENGER VEHICLE,TAXI,,,
10/18/2016,18:10,MANHATTAN,10011,40.7391366,-73.9992494,"(40.7391366, -73.9992494)",,,77        7 AVENUE                      ,0,0,0,0,0,0,0,0,Unspecified,Unspecified,,,,3545091,SPORT UTILITY / STATION WAGON,TAXI,,,
10/18/2016,18:10,MANHATTAN,10004,40.7042501,-74.0115702,"(40.7042501, -74.0115702)",SOUTH WILLIAM STREET            ,BROAD STREET,,0,0,0,0,0,0,0,0,Passenger Distraction,Oversized Vehicle,,,,3543213,SPORT UTILITY / STATION WAGON,,,,
10/18/2016,18:10,BROOKLYN,11222,40.7304639,-73.9514819,"(40.7304639, -73.9514819)",MC GUINNESS BOULEVARD           ,GREENPOINT AVENUE,,0,0,0,0,0,0,0,0,Unspecified,,,,,3542883,SPORT UTILITY / STATION WAGON,,,,
10/18/2016,18:10,BROOKLYN,11208,40.6799188,-73.8674162,"(40.6799188, -73.8674162)",,,105       SHERIDAN AVENUE               ,0,0,0,0,0,0,0,0,Unspecified,,,,,3543076,PICK-UP TRUCK,SPORT UTILITY / STATION WAGON,,,
10/18/2016,18:10,BROOKLYN,11203,40.6511686,-73.9418921,"(40.6511686, -73.9418921)",EAST 38 STREET                  ,CHURCH AVENUE,,0,0,0,0,0,0,0,0,Backing Unsafely,Unspecified,,,,3542918,PASSENGER VEHICLE,,,,
10/18/2016,18:10,BRONX,10463,40.8748705,-73.9117024,"(40.8748705, -73.9117024)",,,135       WEST 225 STREET               ,0,0,0,0,0,0,0,0,Unspecified,,,,,3544159,PASSENGER VEHICLE,,,,
10/18/2016,18:10,BRONX,10458,40.8552624,-73.8811394,"(40.8552624, -73.8811394)",,,2475      SOUTHERN BOULEVARD            ,0,0,0,0,0,0,0,0,Driver Inexperience,,,,,3542667,SPORT UTILITY / STATION WAGON,PASSENGER VEHICLE,,,
10/18/2016,18:10,BRONX,10458,40.8663825,-73.8851399,"(40.8663825, -73.8851399)",WEBSTER AVENUE                  ,OLIVER PLACE,,0,0,0,0,0,0,0,0,Turning Improperly,Passing or Lane Usage Improper,,,,3543951,SPORT UTILITY / STATION WAGON,PASSENGER VEHICLE,,,
10/18/2016,17:30,,,40.764267,-73.722946,"(40.764267, -73.722946)",,,,1,0,0,0,0,0,1,0,Following Too Closely,Unspecified,,,,3542751,SPORT UTILITY / STATION WAGON,,,,
10/18/2016,17:10,MANHATTAN,10032,40.8429012,-73.9384213,"(40.8429012, -73.9384213)",WEST 171 STREET                 ,SAINT NICHOLAS AVENUE,,10,0,0,0,0,0,10,0,Backing Unsafely,Unspecified,,,,3544581,PASSENGER VEHICLE,PASSENGER VEHICLE,,,
10/18/2016,17:10,QUEENS,11379,40.7228147,-73.8728398,"(40.7228147, -73.8728398)",,,83-01     63 AVENUE                     ,3,0,0,0,0,0,3,0,Failure to Yield Right-of-Way,Unspecified,,,,3542643,PASSENGER VEHICLE,PASSENGER VEHICLE,,,
10/18/2016,17:10,,,40.6054518,-73.8985502,"(40.6054518, -73.8985502)",,,,1,0,0,0,0,0,1,0,Following Too Closely,Unspecified,,,,3542738,PASSENGER VEHICLE,PASSENGER VEHICLE,,,
10/18/2016,17:10,QUEENS,11433,40.7029113,-73.7808694,"(40.7029113, -73.7808694)",106 AVENUE                      ,177 STREET,,1,0,1,0,0,0,0,0,,,,,,3542730,PASSENGER VEHICLE,,,,
10/18/2016,17:10,QUEENS,11354,40.764651,-73.823484,"(40.764651, -73.823484)",NORTHERN BOULEVARD              ,PARSONS BOULEVARD,,1,0,0,0,1,0,0,0,Other Vehicular,Unspecified,,,,3542774,SPORT UTILITY / STATION WAGON,BICYCLE,,,
10/18/2016,17:10,BROOKLYN,11220,40.6417715,-74.0245673,"(40.6417715, -74.0245673)",2 AVENUE                        ,63 STREET,,1,0,0,0,0,0,1,0,Unspecified,Unspecified,,,,3542628,PASSENGER VEHICLE,SPORT UTILITY / STATION WAGON,,,
10/18/2016,17:10,BROOKLYN,11218,40.6435072,-73.9806281,"(40.6435072, -73.9806281)",DAHILL ROAD                     ,LOUISA STREET,,1,0,0,0,0,0,1,0,Driver Inattention/Distraction,Unspecified,,,,3543718,PASSENGER VEHICLE,MOTORCYCLE,,,
10/18/2016,17:10,BROOKLYN,11216,40.6829872,-73.9501103,"(40.6829872, -73.9501103)",,,466       NOSTRAND AVENUE               ,1,0,0,0,0,0,1,0,Driver Inattention/Distraction,Unspecified,,,,3542997,SPORT UTILITY / STATION WAGON,SPORT UTILITY / STATION WAGON,,,
10/18/2016,17:10,BRONX,10470,40.8992305,-73.8621099,"(40.8992305, -73.8621099)",,,4295      WEBSTER AVENUE                ,1,0,1,0,0,0,0,0,Unspecified,,,,,3542925,PASSENGER VEHICLE,,,,
10/18/2016,17:10,BRONX,10464,40.8522116,-73.7881672,"(40.8522116, -73.7881672)",MINNIEFORD AVENUE               ,BEACH STREET,,1,0,0,0,1,0,0,0,Unspecified,Unspecified,,,,3542656,SPORT UTILITY / STATION WAGON,BICYCLE,,,
10/18/2016,17:10,BRONX,10460,40.8414831,-73.8885224,"(40.8414831, -73.8885224)",MARMION AVENUE                  ,EAST 176 STREET,,1,0,0,0,0,0,1,0,Failure to Yield Right-of-Way,Unspecified,,,,3542666,PASSENGER VEHICLE,SPORT UTILITY / STATION WAGON,,,
10/18/2016,17:10,,,40.7713071,-73.8766313,"(40.7713071, -73.8766313)",,,,0,0,0,0,0,0,0,0,Following Too Closely,Unspecified,,,,3542948,PASSENGER VEHICLE,MOTORCYCLE,,,
10/18/2016,17:10,STATEN ISLAND,10312,40.5600764,-74.1732151,"(40.5600764, -74.1732151)",DRUMGOOLE ROAD WEST             ,WATKINS AVENUE,,0,0,0,0,0,0,0,0,Passing or Lane Usage Improper,Unspecified,,,,3543492,PASSENGER VEHICLE,PASSENGER VEHICLE,,,
10/18/2016,17:10,STATEN ISLAND,10307,40.5187285,-74.2402401,"(40.5187285, -74.2402401)",ARTHUR KILL ROAD                ,NASSAU PLACE,,0,0,0,0,0,0,0,0,Following Too Closely,Unspecified,Unspecified,,,3543605,SPORT UTILITY / STATION WAGON,SPORT UTILITY / STATION WAGON,,,
10/18/2016,17:10,STATEN ISLAND,10306,40.5797891,-74.1274927,"(40.5797891, -74.1274927)",ROCKLAND AVENUE                 ,NEVADA AVENUE,,0,0,0,0,0,0,0,0,Following Too Closely,Unspecified,Unspecified,,,3542743,PASSENGER VEHICLE,PASSENGER VEHICLE,PASSENGER VEHICLE,,
10/18/2016,17:10,QUEENS,11692,40.5866742,-73.8017151,"(40.5866742, -73.8017151)",BEACH 74 STREET                 ,SHORE FRONT PARKWAY,,0,0,0,0,0,0,0,0,Unspecified,Unspecified,,,,3542719,PASSENGER VEHICLE,PASSENGER VEHICLE,,,
10/18/2016,17:10,QUEENS,11435,40.7019941,-73.8099522,"(40.7019941, -73.8099522)",JAMAICA AVENUE                  ,145 STREET,,0,0,0,0,0,0,0,0,Failure to Yield Right-of-Way,Unspecified,,,,3542733,PASSENGER VEHICLE,SPORT UTILITY / STATION WAGON,,,
10/18/2016,17:10,QUEENS,11434,40.6653837,-73.7664518,"(40.6653837, -73.7664518)",,,178-43    145 ROAD                      ,0,0,0,0,0,0,0,0,Unspecified,,,,,3542718,SPORT UTILITY / STATION WAGON,,,,
10/18/2016,17:10,QUEENS,11434,40.6611517,-73.7707522,"(40.6611517, -73.7707522)",,,175-07    147 AVENUE                    ,0,0,0,0,0,0,0,0,Driverless/Runaway Vehicle,Unspecified,,,,3542716,PASSENGER VEHICLE,SPORT UTILITY / STATION WAGON,,,
10/18/2016,17:10,QUEENS,11413,40.6897361,-73.7472876,"(40.6897361, -73.7472876)",SPRINGFIELD BOULEVARD           ,121 AVENUE,,0,0,0,0,0,0,0,0,Unspecified,Unspecified,,,,3542747,TAXI,PASSENGER VEHICLE,,,
10/18/2016,17:10,QUEENS,11379,40.7123339,-73.8792805,"(40.7123339, -73.8792805)",,,67-14     73 PLACE                      ,0,0,0,0,0,0,0,0,Unspecified,Unspecified,,,,3542646,PASSENGER VEHICLE,SPORT UTILITY / STATION WAGON,,,
10/18/2016,17:10,QUEENS,11373,40.7333982,-73.8750712,"(40.7333982, -73.8750712)",57 AVENUE                       ,SEABURY STREET,,0,0,0,0,0,0,0,0,Failure to Yield Right-of-Way,Failure to Yield Right-of-Way,,,,3542823,SPORT UTILITY / STATION WAGON,PASSENGER VEHICLE,,,
10/18/2016,17:10,QUEENS,11367,40.7371024,-73.8133306,"(40.7371024, -73.8133306)",65 AVENUE                       ,155 STREET,,0,0,0,0,0,0,0,0,Unspecified,Unspecified,Unspecified,,,3542760,PASSENGER VEHICLE,PASSENGER VEHICLE,SPORT UTILITY / STATION WAGON,,
10/18/2016,17:10,QUEENS,11358,40.7563999,-73.8045271,"(40.7563999, -73.8045271)",162 STREET                      ,45 AVENUE,,0,0,0,0,0,0,0,0,Failure to Yield Right-of-Way,Unspecified,,,,3542776,PASSENGER VEHICLE,PASSENGER VEHICLE,,,
10/18/2016,17:10,MANHATTAN,10075,40.7743233,-73.9614762,"(40.7743233, -73.9614762)",EAST 77 STREET                  ,PARK AVENUE,,0,0,0,0,0,0,0,0,Driver Inexperience,Unspecified,,,,3543807,PASSENGER VEHICLE,MOTORCYCLE,,,
10/18/2016,17:10,MANHATTAN,10036,40.762025,-74.0011515,"(40.762025, -74.0011515)",WEST 42 STREET                  ,12 AVENUE,,0,0,0,0,0,0,0,0,Unsafe Lane Changing,Unspecified,,,,3549891,PASSENGER VEHICLE,,,,
10/18/2016,17:10,MANHATTAN,10035,40.8025151,-73.9330298,"(40.8025151, -73.9330298)",,,300       EAST 125 STREET               ,0,0,0,0,0,0,0,0,Unspecified,Unspecified,,,,3546147,SPORT UTILITY / STATION WAGON,PICK-UP TRUCK,,,
10/18/2016,17:10,BROOKLYN,11235,40.5763857,-73.96717,"(40.5763857, -73.96717)",BRIGHTON BEACH AVENUE           ,BRIGHTON 1 STREET,,0,0,0,0,0,0,0,0,Following Too Closely,Unspecified,,,,3542642,SPORT UTILITY / STATION WAGON,SPORT UTILITY / STATION WAGON,,,
10/18/2016,17:10,BROOKLYN,11234,40.6323707,-73.9293059,"(40.6323707, -73.9293059)",,,1177      EAST 49 STREET                ,0,0,0,0,0,0,0,0,Backing Unsafely,Unspecified,,,,3542809,SPORT UTILITY / STATION WAGON,PASSENGER VEHICLE,,,
10/18/2016,17:10,BROOKLYN,11230,40.6299872,-73.9715677,"(40.6299872, -73.9715677)",OCEAN PARKWAY                   ,FOSTER AVENUE,,0,0,0,0,0,0,0,0,Unspecified,Unspecified,,,,3543822,SPORT UTILITY / STATION WAGON,PASSENGER VEHICLE,,,
10/18/2016,17:10,BROOKLYN,11229,40.6130524,-73.949118,"(40.6130524, -73.949118)",KINGS HIGHWAY                   ,BEDFORD AVENUE,,0,0,0,0,0,0,0,0,Driver Inattention/Distraction,Unspecified,,,,3543832,SPORT UTILITY / STATION WAGON,PASSENGER VEHICLE,,,
10/18/2016,17:10,BROOKLYN,11217,40.6807335,-73.9745025,"(40.6807335, -73.9745025)",6 AVENUE                        ,BERGEN STREET,,0,0,0,0,0,0,0,0,Failure to Yield Right-of-Way,Unspecified,,,,3542669,SPORT UTILITY / STATION WAGON,PASSENGER VEHICLE,,,
10/18/2016,17:10,BROOKLYN,11208,40.684842,-73.8713943,"(40.684842, -73.8713943)",,,205       HEMLOCK STREET                ,0,0,0,0,0,0,0,0,Backing Unsafely,Unspecified,,,,3543503,PASSENGER VEHICLE,SPORT UTILITY / STATION WAGON,,,
10/18/2016,17:10,BROOKLYN,11204,40.6100219,-73.9890476,"(40.6100219, -73.9890476)",,,7402      21 AVENUE                     ,0,0,0,0,0,0,0,0,Turning Improperly,Unspecified,,,,3543120,PICK-UP TRUCK,SPORT UTILITY / STATION WAGON,,,
10/18/2016,17:10,BROOKLYN,11203,40.6553345,-73.9307664,"(40.6553345, -73.9307664)",UTICA AVENUE                    ,LENOX ROAD,,0,0,0,0,0,0,0,0,Failure to Yield Right-of-Way,Unspecified,,,,3547065,SPORT UTILITY / STATION WAGON,PASSENGER VEHICLE,,,
10/18/2016,17:10,BROOKLYN,11201,40.6960346,-73.9845292,"(40.6960346, -73.9845292)",TILLARY STREET                  ,FLATBUSH AVENUE EXTENSION,,0,0,0,0,0,0,0,0,Other Vehicular,Unsafe Lane Changing,,,,3543021,PASSENGER VEHICLE,PASSENGER VEHICLE,,,
10/18/2016,17:10,BRONX,10473,40.8248619,-73.859088,"(40.8248619, -73.859088)",,,945       WHITE PLAINS ROAD             ,0,0,0,0,0,0,0,0,Reaction to Other Uninvolved Vehicle,Unspecified,,,,3542866,PASSENGER VEHICLE,PASSENGER VEHICLE,,,
10/18/2016,17:10,BRONX,10459,40.8268297,-73.8949642,"(40.8268297, -73.8949642)",,,1141      TIFFANY STREET                ,0,0,0,0,0,0,0,0,Other Vehicular,Other Vehicular,Unspecified,,,3543270,PASSENGER VEHICLE,PASSENGER VEHICLE,PASSENGER VEHICLE,,
10/18/2016,16:30,,,40.692497,-73.87954,"(40.692497, -73.87954)",,,,0,0,0,0,0,0,0,0,Following Too Closely,Unspecified,,,,3542641,PASSENGER VEHICLE,PASSENGER VEHICLE,,,
10/18/2016,16:10,,,40.6526925,-73.8638088,"(40.6526925, -73.8638088)",,,,1,0,0,0,0,0,1,0,Driver Inattention/Distraction,Unspecified,Unspecified,Unspecified,,3542600,SPORT UTILITY / STATION WAGON,PASSENGER VEHICLE,PASSENGER VEHICLE,PASSENGER VEHICLE,
10/18/2016,16:10,QUEENS,11377,40.7561085,-73.9007029,"(40.7561085, -73.9007029)",32 AVENUE                       ,62 STREET,,1,0,0,0,2,0,0,0,Driver Inattention/Distraction,Passing or Lane Usage Improper,,,,3543085,SPORT UTILITY / STATION WAGON,BICYCLE,,,
10/18/2016,16:10,MANHATTAN,10026,40.8058707,-73.9528068,"(40.8058707, -73.9528068)",SAINT NICHOLAS AVENUE           ,WEST 119 STREET,,1,0,0,0,0,0,1,0,Failure to Yield Right-of-Way,Unspecified,,,,3542778,SPORT UTILITY / STATION WAGON,,,,
10/18/2016,16:10,BROOKLYN,11235,40.5865521,-73.9661677,"(40.5865521, -73.9661677)",,,2601      OCEAN PARKWAY                 ,1,0,1,0,0,0,0,0,Unspecified,,,,,3542638,,,,,
10/18/2016,16:10,BROOKLYN,11211,40.7086357,-73.9609407,"(40.7086357, -73.9609407)",,,326       ROEBLING STREET               ,1,0,1,0,0,0,0,0,,,,,,3543677,SPORT UTILITY / STATION WAGON,,,,
10/18/2016,16:10,BRONX,10462,40.8363481,-73.8522082,"(40.8363481, -73.8522082)",CASTLE HILL AVENUE              ,STARLING AVENUE,,0,1,0,1,0,0,0,0,Failure to Yield Right-of-Way,Failure to Yield Right-of-Way,,,,3543581,,,,,
10/18/2016,16:10,,,40.6965446,-73.7270218,"(40.6965446, -73.7270218)",,,,0,0,0,0,0,0,0,0,Driver Inexperience,Unspecified,,,,3542715,PASSENGER VEHICLE,PASSENGER VEHICLE,,,
10/18/2016,16:10,STATEN ISLAND,10301,40.6230538,-74.1132634,"(40.6230538, -74.1132634)",BROADWAY                        ,CLOVE ROAD,,0,0,0,0,0,0,0,0,Driver Inattention/Distraction,Unspecified,,,,3544261,PASSENGER VEHICLE,SPORT UTILITY / STATION WAGON,,,
10/18/2016,16:10,QUEENS,11434,40.6567341,-73.7674299,"(40.6567341, -73.7674299)",,,150-34    BREWER BOULEVARD              ,0,0,0,0,0,0,0,0,Unspecified,Unspecified,Unspecified,,,3542717,PASSENGER VEHICLE,PASSENGER VEHICLE,PASSENGER VEHICLE,,
10/18/2016,16:10,QUEENS,11433,40.6998817,-73.7885431,"(40.6998817, -73.7885431)",,,107-05    MERRICK BOULEVARD             ,0,0,0,0,0,0,0,0,Driver Inattention/Distraction,Unspecified,Unspecified,,,3542727,PASSENGER VEHICLE,SPORT UTILITY / STATION WAGON,SPORT UTILITY / STATION WAGON,,
10/18/2016,16:10,QUEENS,11423,40.7192826,-73.7636078,"(40.7192826, -73.7636078)",HILLSIDE AVENUE                 ,199 STREET,,0,0,0,0,0,0,0,0,Driver Inattention/Distraction,Driver Inattention/Distraction,,,,3542729,PASSENGER VEHICLE,SPORT UTILITY / STATION WAGON,,,
10/18/2016,16:10,QUEENS,11420,40.665944,-73.8166153,"(40.665944, -73.8166153)",NORTH CONDUIT AVENUE            ,150 AVENUE,,0,0,0,0,0,0,0,0,Driver Inattention/Distraction,Unspecified,,,,3542649,SPORT UTILITY / STATION WAGON,PICK-UP TRUCK,,,
10/18/2016,16:10,QUEENS,11417,40.6795315,-73.8514345,"(40.6795315, -73.8514345)",,,105-11    87 STREET                     ,0,0,0,0,0,0,0,0,Unspecified,,,,,3542650,SPORT UTILITY / STATION WAGON,,,,
10/18/2016,16:10,QUEENS,11373,40.7354272,-73.88914,"(40.7354272, -73.88914)",,,51-18     74 STREET                     ,0,0,0,0,0,0,0,0,Fell Asleep,Unspecified,,,,3543178,SPORT UTILITY / STATION WAGON,PASSENGER VEHICLE,,,
10/18/2016,16:10,QUEENS,11373,40.7333982,-73.8750712,"(40.7333982, -73.8750712)",57 AVENUE                       ,SEABURY STREET,,0,0,0,0,0,0,0,0,Failure to Yield Right-of-Way,Unspecified,,,,3542819,PASSENGER VEHICLE,,,,
10/18/2016,16:10,QUEENS,11372,40.7507454,-73.8947088,"(40.7507454, -73.8947088)",,,71-09     35 AVENUE                     ,0,0,0,0,0,0,0,0,Driver Inattention/Distraction,Unspecified,,,,3542947,SPORT UTILITY / STATION WAGON,,,,
10/18/2016,16:10,QUEENS,11370,40.7672019,-73.8878164,"(40.7672019, -73.8878164)",DITMARS BOULEVARD               ,GRAND CENTRAL PARKWAY,,0,0,0,0,0,0,0,0,Unspecified,,,,,3543088,PASSENGER VEHICLE,SPORT UTILITY / STATION WAGON,,,
10/18/2016,16:10,QUEENS,11356,40.7816611,-73.8352212,"(40.7816611, -73.8352212)",,,133-11    20 AVENUE                     ,0,0,0,0,0,0,0,0,Failure to Yield Right-of-Way,Failure to Yield Right-of-Way,,,,3542773,SPORT UTILITY / STATION WAGON,SPORT UTILITY / STATION WAGON,,,
10/18/2016,16:10,QUEENS,11355,40.7522774,-73.8343772,"(40.7522774, -73.8343772)",,,131-35    AVERY AVENUE                  ,0,0,0,0,0,0,0,0,Backing Unsafely,Backing Unsafely,,,,3542771,SPORT UTILITY / STATION WAGON,SPORT UTILITY / STATION WAGON,,,
10/18/2016,16:10,QUEENS,11103,40.7643541,-73.9113038,"(40.7643541, -73.9113038)",43 STREET                       ,28 AVENUE,,0,0,0,0,0,0,0,0,Backing Unsafely,Unspecified,,,,3543087,SPORT UTILITY / STATION WAGON,SPORT UTILITY / STATION WAGON,,,
10/18/2016,16:10,MANHATTAN,10023,40.7779294,-73.9820802,"(40.7779294, -73.9820802)",WEST 71 STREET                  ,BROADWAY,,0,0,0,0,0,0,0,0,Unspecified,Unspecified,,,,3542768,SPORT UTILITY / STATION WAGON,,,,
10/18/2016,16:10,BROOKLYN,11235,40.5831319,-73.9653918,"(40.5831319, -73.9653918)",BRIGHTON 3 STREET               ,SHORE PARKWAY,,0,0,0,0,0,0,0,0,Failure to Yield Right-of-Way,Unspecified,,,,3542637,PASSENGER VEHICLE,PASSENGER VEHICLE,,,
10/18/2016,16:10,BROOKLYN,11231,40.6732623,-74.0002812,"(40.6732623, -74.0002812)",COURT STREET                    ,BUSH STREET,,0,0,0,0,0,0,0,0,View Obstructed/Limited,Unspecified,,,,3542625,PASSENGER VEHICLE,PASSENGER VEHICLE,,,
10/18/2016,16:10,BROOKLYN,11222,40.7250726,-73.9386853,"(40.7250726, -73.9386853)",,,42        HAUSMAN STREET                ,0,0,0,0,0,0,0,0,Unspecified,,,,,3542885,SPORT UTILITY / STATION WAGON,PASSENGER VEHICLE,,,
10/18/2016,9:10,BROOKLYN,11236,40.6446766,-73.9109332,"(40.6446766, -73.9109332)",,,972       REMSEN AVENUE                 ,1,0,0,0,0,0,1,0,Driver Inattention/Distraction,Unspecified,Unspecified,,,3543094,SPORT UTILITY / STATION WAGON,SPORT UTILITY / STATION WAGON,SPORT UTILITY / STATION WAGON,,
10/18/2016,9:10,BROOKLYN,11232,40.648046,-74.0000829,"(40.648046, -74.0000829)",40 STREET                       ,7 AVENUE,,1,0,1,0,0,0,0,0,Unspecified,,,,,3542323,SPORT UTILITY / STATION WAGON,,,,
10/18/2016,9:10,BROOKLYN,11225,40.6641582,-73.9444869,"(40.6641582, -73.9444869)",,,535       EMPIRE BOULEVARD              ,1,0,0,0,0,0,1,0,Tire Failure/Inadequate,Unspecified,Unspecified,Unspecified,,3542963,SPORT UTILITY / STATION WAGON,PASSENGER VEHICLE,PASSENGER VEHICLE,PASSENGER VEHICLE,
10/18/2016,9:10,BROOKLYN,11216,40.6736318,-73.9539999,"(40.6736318, -73.9539999)",BEDFORD AVENUE                  ,PARK PLACE,,1,0,0,0,1,0,0,0,Driver Inattention/Distraction,Unspecified,,,,3543355,PASSENGER VEHICLE,BICYCLE,,,
10/18/2016,9:10,STATEN ISLAND,10312,40.5533592,-74.2021624,"(40.5533592, -74.2021624)",HUGUENOT AVENUE                 ,LOMBARD COURT,,0,0,0,0,0,0,0,0,Failure to Yield Right-of-Way,Unspecified,,,,3542602,PASSENGER VEHICLE,PASSENGER VEHICLE,,,
10/18/2016,9:10,STATEN ISLAND,10304,40.617789,-74.0811029,"(40.617789, -74.0811029)",VANDERBILT AVENUE               ,OSGOOD AVENUE,,0,0,0,0,0,0,0,0,Driver Inattention/Distraction,Unspecified,,,,3543609,PASSENGER VEHICLE,,,,
10/18/2016,9:10,STATEN ISLAND,10301,40.6139852,-74.1012756,"(40.6139852, -74.1012756)",CLOVE ROAD                      ,SUNNYSIDE TERRACE,,0,0,0,0,0,0,0,0,Unspecified,Unspecified,,,,3543608,PASSENGER VEHICLE,PASSENGER VEHICLE,,,
10/18/2016,9:10,STATEN ISLAND,10301,40.6139852,-74.1012756,"(40.6139852, -74.1012756)",CLOVE ROAD                      ,SUNNYSIDE TERRACE,,0,0,0,0,0,0,0,0,Unspecified,Unspecified,,,,3543190,PASSENGER VEHICLE,SPORT UTILITY / STATION WAGON,,,
10/18/2016,9:10,QUEENS,11434,40.6799371,-73.7763624,"(40.6799371, -73.7763624)",BAISLEY BOULEVARD               ,167 STREET,,0,0,0,0,0,0,0,0,Driver Inattention/Distraction,Unspecified,,,,3542362,SPORT UTILITY / STATION WAGON,PASSENGER VEHICLE,,,
10/18/2016,9:10,QUEENS,11423,40.7135488,-73.7787855,"(40.7135488, -73.7787855)",,,88-08     183 STREET                    ,0,0,0,0,0,0,0,0,Driver Inattention/Distraction,Unspecified,,,,3542508,SPORT UTILITY / STATION WAGON,PASSENGER VEHICLE,,,
10/18/2016,9:10,QUEENS,11368,40.735678,-73.8598431,"(40.735678, -73.8598431)",,,98-25     HORACE HARDING EXPRESSWAY     ,0,0,0,0,0,0,0,0,Failure to Yield Right-of-Way,Unspecified,,,,3542815,PASSENGER VEHICLE,,,,
10/18/2016,9:10,QUEENS,11101,40.7400002,-73.9475993,"(40.7400002, -73.9475993)",23 STREET                       ,BORDEN AVENUE,,0,0,0,0,0,0,0,0,Following Too Closely,Unspecified,,,,3542846,SPORT UTILITY / STATION WAGON,SPORT UTILITY / STATION WAGON,,,
10/18/2016,9:10,MANHATTAN,10036,40.759626,-73.9954735,"(40.759626, -73.9954735)",WEST 42 STREET                  ,10 AVENUE,,0,0,0,0,0,0,0,0,Unsafe Lane Changing,Unsafe Lane Changing,,,,3543135,PASSENGER VEHICLE,SPORT UTILITY / STATION WAGON,,,
10/18/2016,9:10,MANHATTAN,10027,40.8155265,-73.9597183,"(40.8155265, -73.9597183)",TIEMANN PLACE                   ,CLAREMONT AVENUE,,0,0,0,0,0,0,0,0,,,,,,3550688,PASSENGER VEHICLE,,,,
10/18/2016,9:10,MANHATTAN,10019,40.7658813,-73.9946319,"(40.7658813, -73.9946319)",WEST 50 STREET                  ,11 AVENUE,,0,0,0,0,0,0,0,0,Passing or Lane Usage Improper,Passing or Lane Usage Improper,,,,3542690,PICK-UP TRUCK,TAXI,,,
10/18/2016,9:10,BROOKLYN,11233,40.6706879,-73.9170232,"(40.6706879, -73.9170232)",SARATOGA AVENUE                 ,EASTERN PARKWAY,,0,0,0,0,0,0,0,0,Unspecified,Unspecified,,,,3551073,SPORT UTILITY / STATION WAGON,SPORT UTILITY / STATION WAGON,,,
10/18/2016,9:10,BROOKLYN,11233,40.6683763,-73.9201153,"(40.6683763, -73.9201153)",PITKIN AVENUE                   ,HOWARD AVENUE,,0,0,0,0,0,0,0,0,Unspecified,Unspecified,,,,3547744,PASSENGER VEHICLE,PASSENGER VEHICLE,,,
10/18/2016,9:10,BROOKLYN,11218,40.64511,-73.9798817,"(40.64511, -73.9798817)",MC DONALD AVENUE                ,ALBEMARLE ROAD,,0,0,0,0,0,0,0,0,Driver Inattention/Distraction,Unspecified,,,,3543764,PASSENGER VEHICLE,TAXI,,,
10/18/2016,9:10,BROOKLYN,11210,40.6328856,-73.9476978,"(40.6328856, -73.9476978)",NOSTRAND AVENUE                 ,FLATBUSH AVENUE,,0,0,0,0,0,0,0,0,Failure to Yield Right-of-Way,Unspecified,,,,3545245,SPORT UTILITY / STATION WAGON,PASSENGER VEHICLE,,,
10/18/2016,9:10,BRONX,10467,40.8835756,-73.8628042,"(40.8835756, -73.8628042)",EAST 219 STREET                 ,WHITE PLAINS ROAD,,0,0,0,0,0,0,0,0,Unspecified,Unspecified,,,,3542464,SPORT UTILITY / STATION WAGON,PASSENGER VEHICLE,,,
10/18/2016,9:10,BRONX,10453,40.8468783,-73.9206057,"(40.8468783, -73.9206057)",UNIVERSITY AVENUE               ,WEST 174 STREET,,0,0,0,0,0,0,0,0,Unspecified,,,,,3550189,PASSENGER VEHICLE,,,,
10/18/2016,9:10,BRONX,10451,40.8173878,-73.922758,"(40.8173878, -73.922758)",EAST 149 STREET                 ,MORRIS AVENUE,,0,0,0,0,0,0,0,0,Failure to Yield Right-of-Way,Unspecified,,,,3542673,SPORT UTILITY / STATION WAGON,PICK-UP TRUCK,,,
10/18/2016,8:10,QUEENS,11420,40.6670283,-73.8132564,"(40.6670283, -73.8132564)",127 STREET                      ,NORTH CONDUIT AVENUE,,2,0,0,0,0,0,2,0,Unsafe Lane Changing,Unsafe Lane Changing,,,,3542303,SPORT UTILITY / STATION WAGON,PASSENGER VEHICLE,,,
10/18/2016,16:10,BROOKLYN,11218,40.6465984,-73.9703246,"(40.6465984, -73.9703246)",CHURCH AVENUE                   ,EAST 10 STREET,,0,0,0,0,0,0,0,0,Unspecified,Unspecified,,,,3546821,PASSENGER VEHICLE,SPORT UTILITY / STATION WAGON,,,
10/18/2016,16:10,BROOKLYN,11214,40.6087708,-73.9990168,"(40.6087708, -73.9990168)",,,1852      82 STREET                     ,0,0,0,0,0,0,0,0,Driver Inexperience,Unspecified,Unspecified,,,3543119,PASSENGER VEHICLE,SPORT UTILITY / STATION WAGON,SPORT UTILITY / STATION WAGON,,
10/18/2016,16:10,BROOKLYN,11213,40.6677706,-73.9451291,"(40.6677706, -73.9451291)",BROOKLYN AVENUE                 ,PRESIDENT STREET,,0,0,0,0,0,0,0,0,Passing or Lane Usage Improper,Passing or Lane Usage Improper,,,,3551877,SPORT UTILITY / STATION WAGON,,,,
10/18/2016,16:10,BROOKLYN,11206,40.6974067,-73.936006,"(40.6974067, -73.936006)",BROADWAY                        ,MELROSE STREET,,0,0,0,0,0,0,0,0,Driver Inattention/Distraction,Unspecified,,,,3542728,PASSENGER VEHICLE,PASSENGER VEHICLE,,,
10/18/2016,16:10,BRONX,10462,40.8292643,-73.8441153,"(40.8292643, -73.8441153)",,,1037      ZEREGA AVENUE                 ,0,0,0,0,0,0,0,0,Driver Inattention/Distraction,Driver Inattention/Distraction,,,,3542867,SPORT UTILITY / STATION WAGON,PASSENGER VEHICLE,,,
10/18/2016,16:10,BRONX,10461,40.855833,-73.8545074,"(40.855833, -73.8545074)",LYDIG AVENUE                    ,YATES AVENUE,,0,0,0,0,0,0,0,0,Unspecified,Unspecified,,,,3543198,PASSENGER VEHICLE,PASSENGER VEHICLE,,,
10/18/2016,16:10,BRONX,10458,40.8571285,-73.8807926,"(40.8571285, -73.8807926)",SOUTHERN BOULEVARD              ,EAST FORDHAM ROAD,,0,0,0,0,0,0,0,0,Unsafe Lane Changing,,,,,3542668,SPORT UTILITY / STATION WAGON,PASSENGER VEHICLE,,,
10/18/2016,16:10,BRONX,10454,40.8060668,-73.9090412,"(40.8060668, -73.9090412)",BRUCKNER BOULEVARD              ,EAST 141 STREET,,0,0,0,0,0,0,0,0,Following Too Closely,Other Vehicular,,,,3542672,PASSENGER VEHICLE,PASSENGER VEHICLE,,,
10/18/2016,15:10,STATEN ISLAND,10312,40.5298449,-74.1922311,"(40.5298449, -74.1922311)",ANDROVETTE AVENUE               ,BILLIOU STREET,,2,0,0,0,0,0,2,0,View Obstructed/Limited,Unsafe Speed,,,,3542598,PASSENGER VEHICLE,PASSENGER VEHICLE,,,
10/18/2016,15:10,BRONX,10468,40.8805075,-73.8859509,"(40.8805075, -73.8859509)",WEST MOSHOLU PARKWAY SOUTH      ,PAUL AVENUE,,2,0,0,0,0,0,2,0,Driver Inattention/Distraction,Other Vehicular,Unspecified,,,3543958,PASSENGER VEHICLE,PASSENGER VEHICLE,,,
10/18/2016,15:10,,,40.8594717,-73.9157207,"(40.8594717, -73.9157207)",,,,1,0,0,0,0,0,1,0,Unsafe Speed,Unspecified,Unspecified,,,3542781,PASSENGER VEHICLE,SPORT UTILITY / STATION WAGON,SPORT UTILITY / STATION WAGON,,
10/18/2016,15:10,QUEENS,11427,40.7328639,-73.7637003,"(40.7328639, -73.7637003)",UNION TURNPIKE                  ,HOLLIS HILLS TERRACE,,1,0,0,0,0,0,1,0,Driver Inattention/Distraction,Unspecified,,,,3542756,SPORT UTILITY / STATION WAGON,PASSENGER VEHICLE,,,
10/18/2016,15:10,BROOKLYN,11214,40.5967449,-73.9852652,"(40.5967449, -73.9852652)",STILLWELL AVENUE                ,86 STREET,,1,0,1,0,0,0,0,0,Unspecified,,,,,3543118,PASSENGER VEHICLE,,,,
10/18/2016,15:10,BRONX,10456,40.8332873,-73.9140776,"(40.8332873, -73.9140776)",EAST 167 STREET                 ,MORRIS AVENUE,,1,0,0,0,0,0,1,0,Unspecified,Unspecified,,,,3542928,PASSENGER VEHICLE,,,,
10/18/2016,15:10,BRONX,10453,40.8533332,-73.9196004,"(40.8533332, -73.9196004)",WEST TREMONT AVENUE             ,CEDAR AVENUE,,1,0,0,0,0,0,2,0,Driver Inattention/Distraction,Passing or Lane Usage Improper,Driver Inattention/Distraction,Passing or Lane Usage Improper,,3542909,PASSENGER VEHICLE,PASSENGER VEHICLE,,,
10/18/2016,15:10,,,40.8448738,-73.9206683,"(40.8448738, -73.9206683)",,,,0,0,0,0,0,0,0,0,Unsafe Lane Changing,Unspecified,,,,3542779,PASSENGER VEHICLE,SPORT UTILITY / STATION WAGON,,,
10/18/2016,15:10,,,40.7831836,-73.9436089,"(40.7831836, -73.9436089)",,,,0,0,0,0,0,0,0,0,Driver Inattention/Distraction,Unspecified,,,,3542780,PASSENGER VEHICLE,SPORT UTILITY / STATION WAGON,,,
10/18/2016,15:10,,,40.7582585,-73.7771911,"(40.7582585, -73.7771911)",,,,0,0,0,0,0,0,0,0,Unspecified,,,,,3547269,,,,,
10/18/2016,15:10,,,40.6983692,-73.9969443,"(40.6983692, -73.9969443)",,,,0,0,0,0,0,0,0,0,Passing or Lane Usage Improper,Unspecified,,,,3546438,PASSENGER VEHICLE,PASSENGER VEHICLE,,,
10/18/2016,15:10,,,40.6951321,-73.8123031,"(40.6951321, -73.8123031)",,,,0,0,0,0,0,0,0,0,Driver Inattention/Distraction,,,,,3542726,TAXI,,,,
10/18/2016,15:10,QUEENS,11434,40.6607342,-73.7747652,"(40.6607342, -73.7747652)",ROCKAWAY BOULEVARD              ,146 ROAD,,0,0,0,0,0,0,0,0,Unspecified,Unspecified,,,,3543131,PASSENGER VEHICLE,,,,
10/18/2016,15:10,QUEENS,11432,40.7126008,-73.7840515,"(40.7126008, -73.7840515)",,,179-09    HILLSIDE AVENUE               ,0,0,0,0,0,0,0,0,Driver Inattention/Distraction,Unspecified,,,,3542761,SPORT UTILITY / STATION WAGON,PASSENGER VEHICLE,,,
10/18/2016,15:10,QUEENS,11432,40.7153888,-73.8003691,"(40.7153888, -73.8003691)",,,165-65    84 AVENUE                     ,0,0,0,0,0,0,0,0,Failure to Yield Right-of-Way,Unspecified,,,,3542762,PASSENGER VEHICLE,SPORT UTILITY / STATION WAGON,,,
10/18/2016,15:10,QUEENS,11416,40.6814845,-73.8504783,"(40.6814845, -73.8504783)",89 STREET                       ,102 ROAD,,0,0,0,0,0,0,0,0,Aggressive Driving/Road Rage,Unspecified,Unspecified,,,3542603,PASSENGER VEHICLE,SPORT UTILITY / STATION WAGON,PASSENGER VEHICLE,,
10/18/2016,15:10,QUEENS,11413,40.6763664,-73.7411842,"(40.6763664, -73.7411842)",,,229-01    MERRICK BOULEVARD             ,0,0,0,0,0,0,0,0,Driver Inattention/Distraction,Unspecified,,,,3542712,PASSENGER VEHICLE,PASSENGER VEHICLE,,,
10/18/2016,15:10,QUEENS,11377,40.7452032,-73.8911087,"(40.7452032, -73.8911087)",41 AVENUE                       ,74 STREET,,0,0,0,0,0,0,0,0,Traffic Control Disregarded,Unspecified,,,,3547745,PASSENGER VEHICLE,BICYCLE,,,
10/18/2016,15:10,QUEENS,11368,40.7501827,-73.8679838,"(40.7501827, -73.8679838)",98 STREET                       ,38 AVENUE,,0,0,0,0,0,0,0,0,Driver Inattention/Distraction,Unspecified,,,,3542946,SPORT UTILITY / STATION WAGON,PASSENGER VEHICLE,,,
10/18/2016,15:10,QUEENS,11362,40.7605698,-73.7312803,"(40.7605698, -73.7312803)",,,249-10    HORACE HARDING EXPRESSWAY     ,0,0,0,0,0,0,0,0,Driver Inattention/Distraction,Unspecified,,,,3542593,SPORT UTILITY / STATION WAGON,SPORT UTILITY / STATION WAGON,,,
10/18/2016,15:10,MANHATTAN,10025,40.7928576,-73.9675292,"(40.7928576, -73.9675292)",COLUMBUS AVENUE                 ,WEST 96 STREET,,0,0,0,0,0,0,0,0,Driver Inattention/Distraction,Unspecified,,,,3542857,SPORT UTILITY / STATION WAGON,SPORT UTILITY / STATION WAGON,,,
10/18/2016,15:10,MANHATTAN,10024,40.780986,-73.9761901,"(40.780986, -73.9761901)",,,370       COLUMBUS AVENUE               ,0,0,0,0,0,0,0,0,Driver Inattention/Distraction,Driver Inattention/Distraction,,,,3542766,PASSENGER VEHICLE,PASSENGER VEHICLE,,,
10/18/2016,15:10,MANHATTAN,10004,40.7031519,-74.0144301,"(40.7031519, -74.0144301)",STATE STREET                    ,PEARL STREET,,0,0,0,0,0,0,0,0,Backing Unsafely,Unspecified,,,,3543210,TAXI,,,,
10/18/2016,15:10,MANHATTAN,10004,40.7035993,-74.0143905,"(40.7035993, -74.0143905)",STATE STREET                    ,BRIDGE STREET,,0,0,0,0,0,0,0,0,Unsafe Lane Changing,,,,,3543218,PASSENGER VEHICLE,,,,
10/18/2016,15:10,BROOKLYN,11231,40.6791167,-74.0055414,"(40.6791167, -74.0055414)",COLUMBIA STREET                 ,LUQUER STREET,,0,0,0,0,0,0,0,0,Unspecified,,,,,3542623,PASSENGER VEHICLE,SPORT UTILITY / STATION WAGON,,,
10/18/2016,15:10,BROOKLYN,11222,40.7335098,-73.9496863,"(40.7335098, -73.9496863)",PROVOST STREET                  ,HURON STREET,,0,0,0,0,0,0,0,0,Driver Inattention/Distraction,Unspecified,,,,3542892,PASSENGER VEHICLE,SPORT UTILITY / STATION WAGON,,,
10/18/2016,15:10,BROOKLYN,11218,40.6440993,-73.9763255,"(40.6440993, -73.9763255)",,,418       CHURCH AVENUE                 ,0,0,0,0,0,0,0,0,Illness,Unspecified,,,,3544921,SPORT UTILITY / STATION WAGON,SPORT UTILITY / STATION WAGON,,,
10/18/2016,15:10,BROOKLYN,11213,40.6716264,-73.9336335,"(40.6716264, -73.9336335)",STERLING PLACE                  ,SCHENECTADY AVENUE,,0,0,0,0,0,0,0,0,Traffic Control Disregarded,Unspecified,,,,3543189,PASSENGER VEHICLE,SPORT UTILITY / STATION WAGON,,,
10/18/2016,15:10,BROOKLYN,11208,40.6690638,-73.8655633,"(40.6690638, -73.8655633)",LINDEN BOULEVARD                ,LINCOLN AVENUE,,0,0,0,0,0,0,0,0,Unsafe Lane Changing,Unspecified,,,,3543099,PICK-UP TRUCK,PASSENGER VEHICLE,,,
10/18/2016,15:10,BROOKLYN,11207,40.6545182,-73.8822143,"(40.6545182, -73.8822143)",FLATLANDS AVENUE                ,VAN SICLEN AVENUE,,0,0,0,0,0,0,0,0,Unsafe Speed,Unspecified,,,,3542700,SPORT UTILITY / STATION WAGON,,,,
10/18/2016,15:10,BROOKLYN,11207,40.6806649,-73.9026216,"(40.6806649, -73.9026216)",BUSHWICK AVENUE                 ,CONWAY STREET,,0,0,0,0,0,0,0,0,Following Too Closely,Unspecified,,,,3547823,SPORT UTILITY / STATION WAGON,SPORT UTILITY / STATION WAGON,,,
10/18/2016,15:10,BRONX,10466,40.8875953,-73.8571937,"(40.8875953, -73.8571937)",EAST 226 STREET                 ,BARNES AVENUE,,0,0,0,0,0,0,0,0,Driver Inattention/Distraction,Unspecified,,,,3544396,PASSENGER VEHICLE,SPORT UTILITY / STATION WAGON,,,
10/18/2016,15:10,BRONX,10461,40.8555121,-73.8305666,"(40.8555121, -73.8305666)",PELHAM PARKWAY SOUTH            ,SAINT PAUL AVENUE,,0,0,0,0,0,0,0,0,Unspecified,Unspecified,,,,3543467,PASSENGER VEHICLE,SPORT UTILITY / STATION WAGON,,,
10/18/2016,15:10,BRONX,10458,40.8570288,-73.8853296,"(40.8570288, -73.8853296)",EAST 189 STREET                 ,HUGHES AVENUE,,0,0,0,0,0,0,0,0,Unspecified,,,,,3542665,SPORT UTILITY / STATION WAGON,PASSENGER VEHICLE,,,
10/18/2016,15:10,BRONX,10456,40.8236705,-73.907814,"(40.8236705, -73.907814)",,,951       EAGLE AVENUE                  ,0,0,0,0,0,0,0,0,Unspecified,Unspecified,,,,3542818,,,,,
10/18/2016,14:10,MANHATTAN,10003,40.7334357,-73.9954897,"(40.7334357, -73.9954897)",5 AVENUE                        ,EAST 10 STREET,,2,0,0,0,0,0,2,0,Following Too Closely,Unspecified,Unspecified,,,3543489,TAXI,TAXI,PASSENGER VEHICLE,,
10/18/2016,14:10,BROOKLYN,11212,40.664678,-73.9225852,"(40.664678, -73.9225852)",,,86        EAST 98 STREET                ,2,0,0,0,0,0,2,0,Unsafe Lane Changing,Unspecified,,,,3554940,PASSENGER VEHICLE,,,,
10/18/2016,14:10,,,40.7371945,-73.9061795,"(40.7371945, -73.9061795)",,,,1,0,0,0,0,0,2,0,Following Too Closely,Following Too Closely,Following Too Closely,Following Too Closely,Unspecified,3542845,SPORT UTILITY / STATION WAGON,PASSENGER VEHICLE,PASSENGER VEHICLE,SPORT UTILITY / STATION WAGON,PASSENGER VEHICLE
10/18/2016,14:10,QUEENS,11432,40.7079397,-73.7837492,"(40.7079397, -73.7837492)",,,177-01    JAMAICA AVENUE                ,1,0,0,0,0,0,1,0,Driver Inattention/Distraction,Unspecified,,,,3542723,SPORT UTILITY / STATION WAGON,PASSENGER VEHICLE,,,
10/18/2016,14:10,MANHATTAN,10018,40.7546882,-73.9953547,"(40.7546882, -73.9953547)",WEST 36 STREET                  ,9 AVENUE,,1,0,0,0,1,0,0,0,Passing or Lane Usage Improper,Unspecified,,,,3543138,PASSENGER VEHICLE,BICYCLE,,,
10/18/2016,14:10,BROOKLYN,11214,40.608746,-74.0034863,"(40.608746, -74.0034863)",BAY 16 STREET                   ,85 STREET,,1,0,0,0,1,0,0,0,Unspecified,,,,,3543117,BICYCLE,,,,
10/18/2016,14:10,,,40.7426584,-73.8462052,"(40.7426584, -73.8462052)",,,,0,0,0,0,0,0,0,0,Unsafe Lane Changing,Driver Inattention/Distraction,Unspecified,,,3542816,SPORT UTILITY / STATION WAGON,SPORT UTILITY / STATION WAGON,SPORT UTILITY / STATION WAGON,,
10/18/2016,14:10,,,40.7193749,-73.7875927,"(40.7193749, -73.7875927)",,,,0,0,0,0,0,0,0,0,Unspecified,Unspecified,,,,3542757,SPORT UTILITY / STATION WAGON,PASSENGER VEHICLE,,,
10/18/2016,14:10,,,40.6451148,-73.8748771,"(40.6451148, -73.8748771)",,,,0,0,0,0,0,0,0,0,Following Too Closely,Unspecified,Unspecified,,,3542557,PASSENGER VEHICLE,SPORT UTILITY / STATION WAGON,SPORT UTILITY / STATION WAGON,,
10/18/2016,14:10,,,40.5839626,-73.9252914,"(40.5839626, -73.9252914)",,,,0,0,0,0,0,0,0,0,Following Too Closely,Unspecified,,,,3546009,PASSENGER VEHICLE,SPORT UTILITY / STATION WAGON,,,
10/18/2016,14:10,STATEN ISLAND,10301,40.644811,-74.0959676,"(40.644811, -74.0959676)",RICHMOND TERRACE                ,LAFAYETTE AVENUE,,0,0,0,0,0,0,0,0,Following Too Closely,Unspecified,,,,3543187,PASSENGER VEHICLE,PASSENGER VEHICLE,,,
10/18/2016,14:10,QUEENS,11434,40.6666971,-73.7671284,"(40.6666971, -73.7671284)",FARMERS BOULEVARD               ,SOUTH CONDUIT AVENUE,,0,0,0,0,0,0,0,0,Unspecified,,,,,3542711,SPORT UTILITY / STATION WAGON,,,,
10/18/2016,14:10,QUEENS,11433,40.6933965,-73.7889315,"(40.6933965, -73.7889315)",110 AVENUE                      ,BREWER BOULEVARD,,0,0,0,0,0,0,0,0,Driver Inattention/Distraction,Driver Inattention/Distraction,,,,3542592,PICK-UP TRUCK,PASSENGER VEHICLE,,,
10/18/2016,14:10,QUEENS,11432,40.7124946,-73.7844631,"(40.7124946, -73.7844631)",179 STREET                      ,HILLSIDE AVENUE,,0,0,0,0,0,0,0,0,Failure to Yield Right-of-Way,Unspecified,,,,3542734,PASSENGER VEHICLE,PASSENGER VEHICLE,,,
10/18/2016,14:10,QUEENS,11428,40.7146971,-73.7510635,"(40.7146971, -73.7510635)",,,209-20    JAMAICA AVENUE                ,0,0,0,0,0,0,0,0,Driver Inattention/Distraction,Unspecified,,,,3542713,PASSENGER VEHICLE,SPORT UTILITY / STATION WAGON,,,
10/18/2016,14:10,QUEENS,11385,40.6999523,-73.8993007,"(40.6999523, -73.8993007)",,,72-20     FOREST AVENUE                 ,0,0,0,0,0,0,0,0,Backing Unsafely,Unspecified,,,,3543458,SPORT UTILITY / STATION WAGON,SPORT UTILITY / STATION WAGON,,,
10/18/2016,14:10,QUEENS,11375,40.7201645,-73.844789,"(40.7201645, -73.844789)",71 AVENUE                       ,AUSTIN STREET,,0,0,0,0,0,0,0,0,Failure to Yield Right-of-Way,Unspecified,,,,3542599,PICK-UP TRUCK,PASSENGER VEHICLE,,,
10/18/2016,14:10,QUEENS,11373,40.7385993,-73.8774322,"(40.7385993, -73.8774322)",BROADWAY                        ,51 AVENUE,,0,0,0,0,0,0,0,0,Other Vehicular,,,,,3542634,PASSENGER VEHICLE,,,,
10/18/2016,14:10,QUEENS,11367,40.7299298,-73.8181458,"(40.7299298, -73.8181458)",,,150-05    70 ROAD                       ,0,0,0,0,0,0,0,0,Unspecified,Unspecified,,,,3542763,SPORT UTILITY / STATION WAGON,SPORT UTILITY / STATION WAGON,,,
10/18/2016,14:10,QUEENS,11356,40.7816711,-73.8307401,"(40.7816711, -73.8307401)",,,137-11    20 AVENUE                     ,0,0,0,0,0,0,0,0,Backing Unsafely,Backing Unsafely,,,,3543209,PASSENGER VEHICLE,SPORT UTILITY / STATION WAGON,,,
10/18/2016,14:10,MANHATTAN,10128,40.7872263,-73.9541633,"(40.7872263, -73.9541633)",EAST 96 STREET                  ,MADISON AVENUE,,0,0,0,0,0,0,0,0,Unspecified,Unspecified,,,,3543630,SPORT UTILITY / STATION WAGON,,,,
10/18/2016,14:10,MANHATTAN,10036,40.7561391,-73.9831689,"(40.7561391, -73.9831689)",WEST 44 STREET                  ,AVENUE OF THE AMERICAS,,0,0,0,0,0,0,0,0,Turning Improperly,Unspecified,,,,3543557,SPORT UTILITY / STATION WAGON,SPORT UTILITY / STATION WAGON,,,
10/18/2016,14:10,MANHATTAN,10027,40.8096398,-73.9478407,"(40.8096398, -73.9478407)",WEST 126 STREET                 ,7 AVENUE,,0,0,0,0,0,0,0,0,Reaction to Other Uninvolved Vehicle,Unspecified,,,,3542703,SPORT UTILITY / STATION WAGON,SPORT UTILITY / STATION WAGON,,,
10/18/2016,14:10,MANHATTAN,10023,40.7724202,-73.9787241,"(40.7724202, -73.9787241)",WEST 66 STREET                  ,CENTRAL PARK WEST,,0,0,0,0,0,0,0,0,Driver Inattention/Distraction,Unspecified,,,,3542767,PICK-UP TRUCK,TAXI,,,
10/18/2016,14:10,BROOKLYN,11205,40.6964821,-73.9616654,"(40.6964821, -73.9616654)",,,122       CLASSON AVENUE                ,0,0,0,0,0,0,0,0,Driver Inattention/Distraction,Unspecified,,,,3542721,,,,,
10/18/2016,14:10,BROOKLYN,11203,40.6474973,-73.92507,"(40.6474973, -73.92507)",,,417       EAST 55 STREET                ,0,0,0,0,0,0,0,0,Unspecified,,,,,3542917,SPORT UTILITY / STATION WAGON,SPORT UTILITY / STATION WAGON,,,
10/18/2016,14:10,BROOKLYN,11203,40.6558844,-73.9423998,"(40.6558844, -73.9423998)",CLARKSON AVENUE                 ,EAST 38 STREET,,0,0,0,0,0,0,0,0,Unspecified,Unspecified,,,,3547061,PASSENGER VEHICLE,PASSENGER VEHICLE,,,
10/18/2016,14:10,BROOKLYN,11201,40.696131,-73.9871041,"(40.696131, -73.9871041)",TILLARY STREET                  ,JAY STREET,,0,0,0,0,0,0,0,0,Reaction to Other Uninvolved Vehicle,,,,,3544882,SPORT UTILITY / STATION WAGON,,,,
10/18/2016,14:10,BRONX,10466,40.8921276,-73.8471797,"(40.8921276, -73.8471797)",BRUNER AVENUE                   ,EDENWALD AVENUE,,0,0,0,0,0,0,0,0,Unspecified,Unspecified,,,,3544395,SPORT UTILITY / STATION WAGON,PASSENGER VEHICLE,,,
10/18/2016,14:10,BRONX,10462,40.8504792,-73.8668341,"(40.8504792, -73.8668341)",,,2009      CRUGER AVENUE                 ,0,0,0,0,0,0,0,0,Unspecified,Unspecified,,,,3543074,PASSENGER VEHICLE,,,,
10/18/2016,14:10,BRONX,10456,40.8319466,-73.9198611,"(40.8319466, -73.9198611)",GRAND CONCOURSE                 ,EAST 166 STREET,,0,0,0,0,0,0,0,0,Backing Unsafely,Unspecified,,,,3543122,PASSENGER VEHICLE,,,,
10/18/2016,14:10,BRONX,10455,40.8202384,-73.9133935,"(40.8202384, -73.9133935)",,,467       EAST 156 STREET               ,0,0,0,0,0,0,0,0,Following Too Closely,Unspecified,,,,3545749,SPORT UTILITY / STATION WAGON,PASSENGER VEHICLE,,,
10/18/2016,13:10,QUEENS,11435,40.7005823,-73.8077418,"(40.7005823, -73.8077418)",SUTPHIN BOULEVARD               ,ARCHER AVENUE,,1,0,0,0,1,0,0,0,Failure to Yield Right-of-Way,Unspecified,,,,3543603,SPORT UTILITY / STATION WAGON,BICYCLE,,,
10/18/2016,13:10,QUEENS,11368,40.7489395,-73.8544701,"(40.7489395, -73.8544701)",111 STREET                      ,44 AVENUE,,1,0,0,0,1,0,0,0,Passing or Lane Usage Improper,Unspecified,,,,3542484,PASSENGER VEHICLE,BICYCLE,,,
10/18/2016,13:10,BROOKLYN,11236,40.6331273,-73.9156864,"(40.6331273, -73.9156864)",,,929       EAST 76 STREET                ,1,0,0,0,0,0,1,0,Unspecified,Unspecified,,,,3542697,SPORT UTILITY / STATION WAGON,,,,
10/18/2016,13:10,BROOKLYN,11234,40.5965113,-73.9078755,"(40.5965113, -73.9078755)",FLATBUSH AVENUE                 ,SHORE PARKWAY,,1,0,0,0,0,0,1,0,Unspecified,Unspecified,,,,3542812,PASSENGER VEHICLE,SPORT UTILITY / STATION WAGON,,,
10/18/2016,13:10,,,40.584003,-73.921563,"(40.584003, -73.921563)",,,,0,0,0,0,0,0,0,0,Following Too Closely,Unspecified,,,,3543476,PASSENGER VEHICLE,SPORT UTILITY / STATION WAGON,,,
10/18/2016,13:10,STATEN ISLAND,10304,40.5918035,-74.0992184,"(40.5918035, -74.0992184)",CROMWELL AVENUE                 ,PLATTSBURG STREET,,0,0,0,0,0,0,0,0,Driver Inattention/Distraction,Unspecified,,,,3542796,PASSENGER VEHICLE,PASSENGER VEHICLE,,,
10/18/2016,13:10,QUEENS,11433,40.6921994,-73.7917227,"(40.6921994, -73.7917227)",159 STREET                      ,110 AVENUE,,0,0,0,0,0,0,0,0,Driver Inattention/Distraction,Driver Inattention/Distraction,,,,3552535,PASSENGER VEHICLE,SPORT UTILITY / STATION WAGON,,,
10/18/2016,13:10,QUEENS,11432,40.7037516,-73.7991488,"(40.7037516, -73.7991488)",160 STREET                      ,JAMAICA AVENUE,,0,0,0,0,0,0,0,0,Unsafe Speed,Unspecified,,,,3542724,,,,,
10/18/2016,13:10,QUEENS,11415,40.7070968,-73.8349799,"(40.7070968, -73.8349799)",83 AVENUE                       ,METROPOLITAN AVENUE,,0,0,0,0,0,0,0,0,Driver Inattention/Distraction,Unspecified,,,,3542474,PASSENGER VEHICLE,,,,
10/18/2016,13:10,QUEENS,11414,40.6625544,-73.8368347,"(40.6625544, -73.8368347)",,,157-14    97 STREET                     ,0,0,0,0,0,0,0,0,Driver Inattention/Distraction,Unspecified,,,,3542547,PASSENGER VEHICLE,PASSENGER VEHICLE,,,
10/18/2016,13:10,QUEENS,11375,40.7161415,-73.8335687,"(40.7161415, -73.8335687)",QUEENS BOULEVARD                ,77 AVENUE,,0,0,0,0,0,0,0,0,Backing Unsafely,Unspecified,,,,3542597,SPORT UTILITY / STATION WAGON,PASSENGER VEHICLE,,,
10/18/2016,13:10,QUEENS,11375,40.7205667,-73.8458956,"(40.7205667, -73.8458956)",AUSTIN STREET                   ,70 ROAD,,0,0,0,0,0,0,0,0,Backing Unsafely,Unspecified,,,,3542550,SPORT UTILITY / STATION WAGON,,,,
10/18/2016,13:10,QUEENS,11368,40.7577394,-73.8421567,"(40.7577394, -73.8421567)",,,126-82    WILLETS POINT BOULEVARD       ,0,0,0,0,0,0,0,0,Unspecified,,,,,3542814,PASSENGER VEHICLE,,,,
10/18/2016,13:10,MANHATTAN,10034,40.8670152,-73.9231089,"(40.8670152, -73.9231089)",BROADWAY                        ,WEST 204 STREET,,0,0,0,0,0,0,0,0,Unspecified,Unspecified,,,,3543772,PASSENGER VEHICLE,PASSENGER VEHICLE,,,
10/18/2016,13:10,MANHATTAN,10017,40.7516008,-73.9764533,"(40.7516008, -73.9764533)",,,122       EAST 42 STREET                ,0,0,0,0,0,0,0,0,Unspecified,Unspecified,,,,3543554,TAXI,,,,
10/18/2016,13:10,MANHATTAN,10003,40.7362598,-73.9921156,"(40.7362598, -73.9921156)",,,54        EAST 15 STREET                ,0,0,0,0,0,0,0,0,Backing Unsafely,Unspecified,,,,3545092,PASSENGER VEHICLE,PASSENGER VEHICLE,,,
10/18/2016,22:10,BROOKLYN,11210,40.6257308,-73.9563925,"(40.6257308, -73.9563925)",OCEAN AVENUE                    ,AVENUE J,,0,0,0,0,0,0,0,0,Unspecified,,,,,3545239,PASSENGER VEHICLE,,,,
10/18/2016,22:10,BROOKLYN,11208,40.680015,-73.8774282,"(40.680015, -73.8774282)",ATLANTIC AVENUE                 ,LOGAN STREET,,0,0,0,0,0,0,0,0,Unspecified,Unspecified,,,,3543098,PASSENGER VEHICLE,PASSENGER VEHICLE,,,
10/18/2016,22:10,BROOKLYN,11203,40.6549157,-73.9375172,"(40.6549157, -73.9375172)",LENOX ROAD                      ,EAST 43 STREET,,0,0,0,0,0,0,0,0,Failure to Yield Right-of-Way,Unspecified,,,,3542919,SPORT UTILITY / STATION WAGON,,,,
10/18/2016,21:10,MANHATTAN,10016,40.7425112,-73.9821114,"(40.7425112, -73.9821114)",,,137       EAST 28 STREET                ,0,0,0,0,0,0,0,0,Backing Unsafely,,,,,3545093,SPORT UTILITY / STATION WAGON,,,,
10/18/2016,21:10,MANHATTAN,10001,40.7472061,-73.9970984,"(40.7472061, -73.9970984)",WEST 26 STREET                  ,8 AVENUE,,0,0,0,0,0,0,0,0,Backing Unsafely,Unspecified,,,,3543139,PASSENGER VEHICLE,PASSENGER VEHICLE,,,
10/18/2016,21:10,BROOKLYN,11221,40.6882125,-73.9198103,"(40.6882125, -73.9198103)",BROADWAY                        ,MADISON STREET,,0,0,0,0,0,0,0,0,Driver Inattention/Distraction,Unspecified,,,,3542658,SPORT UTILITY / STATION WAGON,,,,
10/18/2016,20:10,MANHATTAN,10035,40.7986267,-73.9395205,"(40.7986267, -73.9395205)",3 AVENUE                        ,EAST 117 STREET,,1,0,1,0,0,0,0,0,Unspecified,,,,,3545557,,,,,
10/18/2016,20:10,MANHATTAN,10035,40.8020766,-73.9340633,"(40.8020766, -73.9340633)",2 AVENUE                        ,EAST 124 STREET,,1,0,0,0,0,0,1,0,Unspecified,Unspecified,,,,3548180,PASSENGER VEHICLE,,,,
10/18/2016,20:10,BRONX,10451,40.8206478,-73.9177141,"(40.8206478, -73.9177141)",EAST 155 STREET                 ,COURTLANDT AVENUE,,1,0,1,0,0,0,0,0,Driver Inattention/Distraction,,,,,3542663,PASSENGER VEHICLE,,,,
10/18/2016,20:10,,,40.8410315,-73.8872376,"(40.8410315, -73.8872376)",,,,0,0,0,0,0,0,0,0,Other Vehicular,Other Vehicular,Driver Inattention/Distraction,,,3543434,SPORT UTILITY / STATION WAGON,PASSENGER VEHICLE,TAXI,,
10/18/2016,20:10,,,40.7861372,-73.8243459,"(40.7861372, -73.8243459)",,,,0,0,0,0,0,0,0,0,Reaction to Other Uninvolved Vehicle,Following Too Closely,,,,3542777,PASSENGER VEHICLE,,,,
10/18/2016,20:10,,,40.7676137,-73.9499947,"(40.7676137, -73.9499947)",,,,0,0,0,0,0,0,0,0,Driver Inattention/Distraction,Unspecified,,,,3542908,PASSENGER VEHICLE,PASSENGER VEHICLE,,,
10/18/2016,20:10,QUEENS,11433,40.6968697,-73.7807198,"(40.6968697, -73.7807198)",110 AVENUE                      ,173 STREET,,0,0,0,0,0,0,0,0,Alcohol Involvement,Unspecified,Unspecified,,,3542838,SPORT UTILITY / STATION WAGON,SPORT UTILITY / STATION WAGON,PASSENGER VEHICLE,,
10/18/2016,20:10,QUEENS,11420,40.6810065,-73.8195664,"(40.6810065, -73.8195664)",111 AVENUE                      ,121 STREET,,0,0,0,0,0,0,0,0,Driver Inattention/Distraction,Unspecified,,,,3546641,PASSENGER VEHICLE,SPORT UTILITY / STATION WAGON,,,
10/18/2016,20:10,QUEENS,11417,40.6796071,-73.8505077,"(40.6796071, -73.8505077)",,,105-05    88 STREET                     ,0,0,0,0,0,0,0,0,Unspecified,,,,,3542653,PASSENGER VEHICLE,,,,
10/18/2016,20:10,QUEENS,11372,40.7468122,-73.891752,"(40.7468122, -73.891752)",ROOSEVELT AVENUE                ,BROADWAY,,0,0,0,0,0,0,0,0,Driver Inattention/Distraction,Unspecified,,,,3542950,PASSENGER VEHICLE,SPORT UTILITY / STATION WAGON,,,
10/18/2016,20:10,QUEENS,11360,40.788556,-73.7823317,"(40.788556, -73.7823317)",BELL BOULEVARD                  ,212 STREET,,0,0,0,0,0,0,0,0,Passing or Lane Usage Improper,Unspecified,,,,3542775,PASSENGER VEHICLE,PICK-UP TRUCK,,,
10/18/2016,20:10,QUEENS,11105,40.7773987,-73.9029892,"(40.7773987, -73.9029892)",,,37-11     20 AVENUE                     ,0,0,0,0,0,0,0,0,Backing Unsafely,Backing Unsafely,,,,3543089,PASSENGER VEHICLE,SPORT UTILITY / STATION WAGON,,,
10/18/2016,20:10,MANHATTAN,10036,40.7591997,-73.9846193,"(40.7591997, -73.9846193)",WEST 47 STREET                  ,7 AVENUE,,0,0,0,0,0,0,0,0,Unspecified,,,,,3542687,TAXI,,,,
10/18/2016,20:10,MANHATTAN,10029,40.7904175,-73.9518354,"(40.7904175, -73.9518354)",EAST 101 STREET                 ,MADISON AVENUE,,0,0,0,0,0,0,0,0,Backing Unsafely,Unspecified,,,,3543627,SPORT UTILITY / STATION WAGON,SPORT UTILITY / STATION WAGON,,,
10/18/2016,20:10,MANHATTAN,10024,40.7799729,-73.9747931,"(40.7799729, -73.9747931)",,,40        WEST 77 STREET                ,0,0,0,0,0,0,0,0,Other Vehicular,Other Vehicular,,,,3543294,SPORT UTILITY / STATION WAGON,PASSENGER VEHICLE,,,
10/18/2016,20:10,MANHATTAN,10016,40.7509597,-73.9827227,"(40.7509597, -73.9827227)",WEST 38 STREET                  ,5 AVENUE,,0,0,0,0,0,0,0,0,Unspecified,Unspecified,,,,3543856,PASSENGER VEHICLE,PASSENGER VEHICLE,,,
10/18/2016,20:10,MANHATTAN,10016,40.7488862,-73.9758407,"(40.7488862, -73.9758407)",EAST 39 STREET                  ,3 AVENUE,,0,0,0,0,0,0,0,0,Driver Inattention/Distraction,Driver Inattention/Distraction,,,,3542614,TAXI,PICK-UP TRUCK,,,
10/18/2016,20:10,MANHATTAN,10007,40.7145624,-74.009974,"(40.7145624, -74.009974)",,,65        WEST BROADWAY                 ,0,0,0,0,0,0,0,0,Backing Unsafely,Unspecified,,,,3543212,PASSENGER VEHICLE,PASSENGER VEHICLE,,,
10/18/2016,20:10,MANHATTAN,10001,40.7506342,-73.9945826,"(40.7506342, -73.9945826)",,,430       8 AVENUE                      ,0,0,0,0,0,0,0,0,Driver Inattention/Distraction,Driver Inattention/Distraction,,,,3543558,SPORT UTILITY / STATION WAGON,TAXI,,,
10/18/2016,20:10,BROOKLYN,11226,40.6500815,-73.9610074,"(40.6500815, -73.9610074)",OCEAN AVENUE                    ,CHURCH AVENUE,,0,0,0,0,0,0,0,0,Unsafe Speed,Unspecified,,,,3543839,PASSENGER VEHICLE,PASSENGER VEHICLE,,,
10/18/2016,20:10,BROOKLYN,11221,40.6981605,-73.9252728,"(40.6981605, -73.9252728)",DE KALB AVENUE                  ,CENTRAL AVENUE,,0,0,0,0,0,0,0,0,Driver Inattention/Distraction,Unspecified,,,,3544058,SPORT UTILITY / STATION WAGON,PASSENGER VEHICLE,,,
10/18/2016,20:10,BROOKLYN,11218,40.6430821,-73.9693461,"(40.6430821, -73.9693461)",,,14        LEWIS PLACE                   ,0,0,0,0,0,0,0,0,Driver Inattention/Distraction,Unspecified,,,,3543485,PASSENGER VEHICLE,SPORT UTILITY / STATION WAGON,,,
10/18/2016,20:10,BROOKLYN,11211,40.7112096,-73.9589228,"(40.7112096, -73.9589228)",,,213       SOUTH 3 STREET                ,0,0,0,0,0,0,0,0,Other Vehicular,,,,,3542830,PASSENGER VEHICLE,PASSENGER VEHICLE,,,
10/18/2016,20:10,BROOKLYN,11211,40.7154014,-73.9269272,"(40.7154014, -73.9269272)",GRAND STREET                    ,GARDNER AVENUE,,0,0,0,0,0,0,0,0,Unspecified,,,,,3546819,,,,,
10/18/2016,20:10,BRONX,10461,40.8398585,-73.8499886,"(40.8398585, -73.8499886)",,,2419      DORSEY STREET                 ,0,0,0,0,0,0,0,0,Unspecified,,,,,3544179,SPORT UTILITY / STATION WAGON,,,,
10/18/2016,20:10,BRONX,10459,40.8183477,-73.8941177,"(40.8183477, -73.8941177)",TIFFANY STREET                  ,SOUTHERN BOULEVARD,,0,0,0,0,0,0,0,0,Other Vehicular,Other Vehicular,,,,3543238,PASSENGER VEHICLE,SPORT UTILITY / STATION WAGON,,,
10/18/2016,20:00,,,40.732136,-73.919014,"(40.732136, -73.919014)",,,,0,0,0,0,0,0,0,0,Driver Inattention/Distraction,Unspecified,,,,3545521,PASSENGER VEHICLE,PASSENGER VEHICLE,,,
10/18/2016,1:10,BROOKLYN,11236,40.6365941,-73.9019364,"(40.6365941, -73.9019364)",,,1390      REMSEN AVENUE                 ,1,0,1,0,0,0,0,0,Pedestrian/Bicyclist/Other Pedestrian Error/Confusion,,,,,3542266,SPORT UTILITY / STATION WAGON,,,,
10/18/2016,1:10,MANHATTAN,10035,40.7986169,-73.9365805,"(40.7986169, -73.9365805)",,,2310      2 AVENUE                      ,0,0,0,0,0,0,0,0,Unspecified,Unspecified,,,,3543351,PASSENGER VEHICLE,,,,
10/18/2016,19:10,,,40.8358751,-73.8698973,"(40.8358751, -73.8698973)",,,,3,0,0,0,0,0,3,0,Unsafe Speed,Unspecified,,,,3542871,PASSENGER VEHICLE,PASSENGER VEHICLE,,,
10/18/2016,19:10,QUEENS,11693,40.5867024,-73.8170309,"(40.5867024, -73.8170309)",ROCKAWAY FREEWAY                ,BEACH 94 STREET,,2,0,0,0,0,0,2,0,Passenger Distraction,Unspecified,,,,3542765,SPORT UTILITY / STATION WAGON,SPORT UTILITY / STATION WAGON,,,
10/18/2016,19:10,QUEENS,11378,40.7269122,-73.9003207,"(40.7269122, -73.9003207)",65 PLACE                        ,55 AVENUE,,2,0,0,0,0,0,2,0,View Obstructed/Limited,Unspecified,,,,3542644,PASSENGER VEHICLE,PASSENGER VEHICLE,,,
10/18/2016,19:10,QUEENS,11435,40.7017656,-73.8079259,"(40.7017656, -73.8079259)",JAMAICA AVENUE                  ,SUTPHIN BOULEVARD,,1,0,1,0,0,0,0,0,Driver Inattention/Distraction,,,,,3544811,PASSENGER VEHICLE,,,,
10/18/2016,19:10,MANHATTAN,10065,40.763547,-73.9693376,"(40.763547, -73.9693376)",PARK AVENUE                     ,EAST 60 STREET,,1,0,1,0,0,0,0,0,Driver Inattention/Distraction,,,,,3543506,PASSENGER VEHICLE,,,,
10/18/2016,19:10,,,40.8011922,-73.9300224,"(40.8011922, -73.9300224)",,,,0,0,0,0,0,0,0,0,Reaction to Other Uninvolved Vehicle,Reaction to Other Uninvolved Vehicle,,,,3543332,SPORT UTILITY / STATION WAGON,SPORT UTILITY / STATION WAGON,,,
10/18/2016,19:10,,,40.7621739,-73.7567868,"(40.7621739, -73.7567868)",,,,0,0,0,0,0,0,0,0,Driver Inattention/Distraction,Driver Inattention/Distraction,,,,3542759,PASSENGER VEHICLE,PASSENGER VEHICLE,,,
10/18/2016,19:10,,,40.7412355,-73.8457263,"(40.7412355, -73.8457263)",,,,0,0,0,0,0,0,0,0,Driver Inattention/Distraction,Unspecified,,,,3543395,SPORT UTILITY / STATION WAGON,PASSENGER VEHICLE,,,
10/18/2016,19:10,QUEENS,11377,40.7525661,-73.9052487,"(40.7525661, -73.9052487)",BROADWAY                        ,56 STREET,,0,0,0,0,0,0,0,0,Failure to Yield Right-of-Way,Unspecified,,,,3543179,PASSENGER VEHICLE,SPORT UTILITY / STATION WAGON,,,
10/18/2016,19:10,QUEENS,11368,40.7370443,-73.8593856,"(40.7370443, -73.8593856)",59 AVENUE                       ,99 STREET,,0,0,0,0,0,0,0,0,Driver Inattention/Distraction,Unspecified,Unspecified,Unspecified,,3542828,SPORT UTILITY / STATION WAGON,PASSENGER VEHICLE,SPORT UTILITY / STATION WAGON,SPORT UTILITY / STATION WAGON,
10/18/2016,19:10,MANHATTAN,10065,40.7611802,-73.9579029,"(40.7611802, -73.9579029)",EAST 63 STREET                  ,YORK AVENUE,,0,0,0,0,0,0,0,0,Driver Inattention/Distraction,Driver Inattention/Distraction,,,,3543081,SPORT UTILITY / STATION WAGON,,,,
10/18/2016,19:10,MANHATTAN,10065,40.7637343,-73.9620635,"(40.7637343, -73.9620635)",2 AVENUE                        ,EAST 64 STREET,,0,0,0,0,0,0,0,0,Driver Inattention/Distraction,Unspecified,,,,3543508,SPORT UTILITY / STATION WAGON,PASSENGER VEHICLE,,,
10/18/2016,19:10,MANHATTAN,10036,40.7586622,-73.988738,"(40.7586622, -73.988738)",,,700       8 AVENUE                      ,0,0,0,0,0,0,0,0,Unspecified,Unspecified,,,,3543599,PASSENGER VEHICLE,TAXI,,,
10/18/2016,19:10,MANHATTAN,10035,40.8027515,-73.933575,"(40.8027515, -73.933575)",2 AVENUE                        ,EAST 125 STREET,,0,0,0,0,0,0,0,0,Unspecified,Unspecified,,,,3543323,SPORT UTILITY / STATION WAGON,PASSENGER VEHICLE,,,
10/18/2016,19:10,MANHATTAN,10023,40.7774101,-73.9787983,"(40.7774101, -73.9787983)",WEST 72 STREET                  ,COLUMBUS AVENUE,,0,0,0,0,0,0,0,0,Unsafe Lane Changing,Unspecified,,,,3542769,BICYCLE,PASSENGER VEHICLE,,,
10/18/2016,19:10,MANHATTAN,10017,40.7551925,-73.9712183,"(40.7551925, -73.9712183)",EAST 49 STREET                  ,3 AVENUE,,0,0,0,0,0,0,0,0,Unsafe Lane Changing,Unspecified,,,,3542612,PASSENGER VEHICLE,,,,
10/18/2016,19:10,MANHATTAN,10003,40.7326034,-73.9876815,"(40.7326034, -73.9876815)",3 AVENUE                        ,EAST 13 STREET,,0,0,0,0,0,0,0,0,Driver Inattention/Distraction,Driver Inattention/Distraction,,,,3543662,BICYCLE,,,,
10/18/2016,19:10,BROOKLYN,11223,40.5921873,-73.9776941,"(40.5921873, -73.9776941)",86 STREET                       ,WEST 7 STREET,,0,0,0,0,0,0,0,0,Unspecified,Unspecified,Unspecified,,,3542635,PASSENGER VEHICLE,PASSENGER VEHICLE,PASSENGER VEHICLE,,
10/18/2016,19:10,BRONX,10469,40.8794355,-73.8466592,"(40.8794355, -73.8466592)",,,3500      MICKLE AVENUE                 ,0,0,0,0,0,0,0,0,Unspecified,,,,,3551204,SPORT UTILITY / STATION WAGON,,,,
10/18/2016,18:10,,,40.6513986,-74.0105739,"(40.6513986, -74.0105739)",,,,2,0,0,0,0,0,2,0,Unspecified,Unspecified,Unspecified,,,3542630,SPORT UTILITY / STATION WAGON,SPORT UTILITY / STATION WAGON,,,
10/18/2016,18:10,,,40.7242645,-73.9374387,"(40.7242645, -73.9374387)",,,,1,0,0,0,0,0,1,0,Reaction to Other Uninvolved Vehicle,Following Too Closely,,,,3542893,SPORT UTILITY / STATION WAGON,PICK-UP TRUCK,,,
10/18/2016,18:10,QUEENS,11372,40.7549047,-73.8738794,"(40.7549047, -73.8738794)",34 AVENUE                       ,94 STREET,,1,0,0,0,1,0,0,0,Unspecified,,,,,3542949,SPORT UTILITY / STATION WAGON,BICYCLE,,,
10/18/2016,18:10,BROOKLYN,11201,40.6887014,-73.9928532,"(40.6887014, -73.9928532)",,,154       COURT STREET                  ,1,0,1,0,0,0,0,0,Pedestrian/Bicyclist/Other Pedestrian Error/Confusion,,,,,3542622,PASSENGER VEHICLE,,,,
10/18/2016,18:10,,,40.8880906,-73.8925296,"(40.8880906, -73.8925296)",,,,0,0,0,0,0,0,0,0,Unspecified,Unspecified,,,,3543444,PASSENGER VEHICLE,SPORT UTILITY / STATION WAGON,,,
10/18/2016,18:10,,,40.7599494,-73.8386902,"(40.7599494, -73.8386902)",,,,0,0,0,0,0,0,0,0,Following Too Closely,Unspecified,,,,3542824,PASSENGER VEHICLE,,,,
10/18/2016,18:10,,,40.7468839,-73.763468,"(40.7468839, -73.763468)",,,,0,0,0,0,0,0,0,0,Driver Inattention/Distraction,Unspecified,,,,3542750,PASSENGER VEHICLE,,,,
10/18/2016,13:10,BROOKLYN,11237,40.7085426,-73.9274072,"(40.7085426, -73.9274072)",VARICK AVENUE                   ,JOHNSON AVENUE,,0,0,0,0,0,0,0,0,Unspecified,,,,,3549054,SPORT UTILITY / STATION WAGON,,,,
10/18/2016,13:10,BROOKLYN,11236,40.6338025,-73.8896944,"(40.6338025, -73.8896944)",ROCKAWAY PARKWAY                ,SEAVIEW AVENUE,,0,0,0,0,0,0,0,0,Unspecified,Unspecified,,,,3542696,PASSENGER VEHICLE,PASSENGER VEHICLE,,,
10/18/2016,13:10,BROOKLYN,11231,40.6803163,-73.9968849,"(40.6803163, -73.9968849)",COURT STREET                    ,1 PLACE,,0,0,0,0,0,0,0,0,Backing Unsafely,Unspecified,,,,3542617,PASSENGER VEHICLE,SPORT UTILITY / STATION WAGON,,,
10/18/2016,13:10,BROOKLYN,11226,40.6449535,-73.9518539,"(40.6449535, -73.9518539)",BEVERLEY ROAD                   ,ROGERS AVENUE,,0,0,0,0,0,0,0,0,Unspecified,Unspecified,,,,3548395,SPORT UTILITY / STATION WAGON,SPORT UTILITY / STATION WAGON,,,
10/18/2016,13:10,BROOKLYN,11223,40.5927572,-73.9631112,"(40.5927572, -73.9631112)",LANCASTER AVENUE                ,EAST 7 STREET,,0,0,0,0,0,0,0,0,Backing Unsafely,Unspecified,,,,3542640,PASSENGER VEHICLE,PASSENGER VEHICLE,,,
10/18/2016,13:10,BROOKLYN,11218,40.6361331,-73.9727361,"(40.6361331, -73.9727361)",OCEAN PARKWAY                   ,DITMAS AVENUE,,0,0,0,0,0,0,0,0,Unspecified,,,,,3543717,PASSENGER VEHICLE,,,,
10/18/2016,13:10,BROOKLYN,11218,40.6417457,-73.9851256,"(40.6417457, -73.9851256)",37 STREET                       ,13 AVENUE,,0,0,0,0,0,0,0,0,Driver Inattention/Distraction,Unspecified,,,,3543970,PASSENGER VEHICLE,,,,
10/18/2016,13:10,BROOKLYN,11212,40.6581825,-73.9246436,"(40.6581825, -73.9246436)",EAST 91 STREET                  ,CLARKSON AVENUE,,0,0,0,0,0,0,0,0,Unspecified,Unspecified,,,,3551596,PASSENGER VEHICLE,PASSENGER VEHICLE,,,
10/18/2016,13:10,BRONX,10456,40.8322821,-73.9096197,"(40.8322821, -73.9096197)",WEBSTER AVENUE                  ,EAST 168 STREET,,0,0,0,0,0,0,0,0,Other Vehicular,Unspecified,,,,3542558,SPORT UTILITY / STATION WAGON,TAXI,,,
10/18/2016,12:10,,,40.7420646,-73.8245213,"(40.7420646, -73.8245213)",,,,2,0,0,0,0,0,2,0,Driver Inattention/Distraction,Following Too Closely,Unspecified,,,3542788,SPORT UTILITY / STATION WAGON,PICK-UP TRUCK,PICK-UP TRUCK,,
10/18/2016,12:10,MANHATTAN,10028,40.775292,-73.9536264,"(40.775292, -73.9536264)",EAST 82 STREET                  ,2 AVENUE,,1,0,0,0,0,0,1,0,Aggressive Driving/Road Rage,Aggressive Driving/Road Rage,,,,3543127,PASSENGER VEHICLE,PASSENGER VEHICLE,,,
10/18/2016,12:10,,,40.7278344,-73.7529082,"(40.7278344, -73.7529082)",,,,0,0,0,0,0,0,0,0,Unsafe Lane Changing,Unspecified,,,,3543829,SPORT UTILITY / STATION WAGON,,,,
10/18/2016,12:10,STATEN ISLAND,10309,40.5294551,-74.2109969,"(40.5294551, -74.2109969)",MAGUIRE AVENUE                  ,DRUMGOOLE ROAD EAST,,0,0,0,0,0,0,0,0,Unspecified,Unspecified,,,,3542601,PICK-UP TRUCK,PASSENGER VEHICLE,,,
10/18/2016,12:10,QUEENS,11432,40.7097537,-73.7956175,"(40.7097537, -73.7956175)",HILLSIDE AVENUE                 ,167 STREET,,0,0,0,0,0,0,0,0,Driver Inattention/Distraction,,,,,3542758,SPORT UTILITY / STATION WAGON,,,,
10/18/2016,12:10,QUEENS,11432,40.7199149,-73.7910661,"(40.7199149, -73.7910661)",GRAND CENTRAL PARKWAY           ,175 STREET,,0,0,0,0,0,0,0,0,Driver Inattention/Distraction,Unspecified,,,,3542755,PASSENGER VEHICLE,PASSENGER VEHICLE,,,
10/18/2016,12:10,QUEENS,11370,40.7648168,-73.8908022,"(40.7648168, -73.8908022)",,,23-53     WHITE OAK COURT               ,0,0,0,0,0,0,0,0,Backing Unsafely,Unspecified,,,,3542511,PASSENGER VEHICLE,SPORT UTILITY / STATION WAGON,,,
10/18/2016,12:10,QUEENS,11354,40.7624345,-73.831659,"(40.7624345, -73.831659)",,,36-22     MAIN STREET                   ,0,0,0,0,0,0,0,0,Unsafe Lane Changing,Unspecified,,,,3542531,PASSENGER VEHICLE,SPORT UTILITY / STATION WAGON,,,
10/18/2016,12:10,QUEENS,11103,40.7645902,-73.9045132,"(40.7645902, -73.9045132)",49 STREET                       ,25 AVENUE,,0,0,0,0,0,0,0,0,Following Too Closely,Unspecified,,,,3542482,PASSENGER VEHICLE,PASSENGER VEHICLE,,,
10/18/2016,12:10,MANHATTAN,10025,40.8023463,-73.9681097,"(40.8023463, -73.9681097)",BROADWAY                        ,WEST END AVENUE,,0,0,0,0,0,0,0,0,Unsafe Lane Changing,Unsafe Lane Changing,Unsafe Lane Changing,Unspecified,Unspecified,3542854,PICK-UP TRUCK,PICK-UP TRUCK,PICK-UP TRUCK,,
10/18/2016,12:10,MANHATTAN,10016,40.7509045,-73.9806727,"(40.7509045, -73.9806727)",EAST 39 STREET                  ,MADISON AVENUE,,0,0,0,0,0,0,0,0,Driver Inattention/Distraction,Driver Inattention/Distraction,,,,3542609,PASSENGER VEHICLE,SPORT UTILITY / STATION WAGON,,,
10/18/2016,12:10,BROOKLYN,11229,40.6006071,-73.9324473,"(40.6006071, -73.9324473)",AVENUE V                        ,STUART STREET,,0,0,0,0,0,0,0,0,Following Too Closely,Unspecified,,,,3543481,PASSENGER VEHICLE,SPORT UTILITY / STATION WAGON,,,
10/18/2016,12:10,BROOKLYN,11228,40.619005,-74.01595,"(40.619005, -74.01595)",82 STREET                       ,11 AVENUE,,0,0,0,0,0,0,0,0,Unspecified,,,,,3543384,PASSENGER VEHICLE,,,,
10/18/2016,12:10,BROOKLYN,11220,40.6332345,-74.0119074,"(40.6332345, -74.0119074)",64 STREET                       ,8 AVENUE,,0,0,0,0,0,0,0,0,Unspecified,Unspecified,,,,3543407,SPORT UTILITY / STATION WAGON,SPORT UTILITY / STATION WAGON,,,
10/18/2016,12:10,BROOKLYN,11213,40.6795925,-73.934873,"(40.6795925, -73.934873)",FULTON STREET                   ,TROY AVENUE,,0,0,0,0,0,0,0,0,Driver Inattention/Distraction,Unspecified,,,,3543679,PASSENGER VEHICLE,,,,
10/18/2016,12:10,BROOKLYN,11210,40.6389656,-73.9425045,"(40.6389656, -73.9425045)",FOSTER AVENUE                   ,BROOKLYN AVENUE,,0,0,0,0,0,0,0,0,Unspecified,,,,,3547764,PASSENGER VEHICLE,PASSENGER VEHICLE,,,
10/18/2016,12:10,BRONX,10473,40.8222429,-73.8805589,"(40.8222429, -73.8805589)",,,953       COLGATE AVENUE                ,0,0,0,0,0,0,0,0,Unspecified,Unspecified,,,,3542570,PASSENGER VEHICLE,PASSENGER VEHICLE,,,
10/18/2016,12:10,BRONX,10469,40.8615245,-73.8432661,"(40.8615245, -73.8432661)",,,2426      EASTCHESTER ROAD              ,0,0,0,0,0,0,0,0,Unspecified,Unspecified,,,,3543073,SPORT UTILITY / STATION WAGON,SPORT UTILITY / STATION WAGON,,,
10/18/2016,12:10,BRONX,10466,40.9001051,-73.8421297,"(40.9001051, -73.8421297)",,,2100      NEREID AVENUE                 ,0,0,0,0,0,0,0,0,View Obstructed/Limited,,,,,3542469,,,,,
10/18/2016,11:10,BROOKLYN,11207,40.6693691,-73.895223,"(40.6693691, -73.895223)",PENNSYLVANIA AVENUE             ,SUTTER AVENUE,,2,0,0,0,0,0,2,0,Failure to Yield Right-of-Way,Unspecified,,,,3542421,PASSENGER VEHICLE,PASSENGER VEHICLE,,,
10/18/2016,11:10,,,40.8028239,-73.9303998,"(40.8028239, -73.9303998)",,,,1,0,0,0,0,0,1,0,Unsafe Lane Changing,,,,,3542567,PASSENGER VEHICLE,,,,
10/18/2016,11:10,BRONX,10468,40.859607,-73.907775,"(40.859607, -73.907775)",UNIVERSITY AVENUE               ,WEST 183 STREET,,1,0,0,0,0,0,1,0,Turning Improperly,Unspecified,,,,3543957,PASSENGER VEHICLE,TAXI,,,
10/18/2016,11:10,,,40.8117504,-73.9314376,"(40.8117504, -73.9314376)",,,,0,0,0,0,0,0,0,0,Failure to Yield Right-of-Way,Oversized Vehicle,,,,3542678,PASSENGER VEHICLE,,,,
10/18/2016,11:10,STATEN ISLAND,10312,40.5362703,-74.1822734,"(40.5362703, -74.1822734)",ALBEE AVENUE                    ,TENAFLY PLACE,,0,0,0,0,0,0,0,0,Driver Inattention/Distraction,Driver Inattention/Distraction,,,,3542706,PASSENGER VEHICLE,PASSENGER VEHICLE,,,
10/18/2016,11:10,STATEN ISLAND,10306,40.5821976,-74.1102888,"(40.5821976, -74.1102888)",RICHMOND ROAD                   ,MIDLAND AVENUE,,0,0,0,0,0,0,0,0,Driver Inattention/Distraction,Unspecified,,,,3542563,PASSENGER VEHICLE,PICK-UP TRUCK,,,
10/18/2016,11:10,QUEENS,11423,40.7210636,-73.7594419,"(40.7210636, -73.7594419)",HILLSIDE AVENUE                 ,FRANCIS LEWIS BOULEVARD,,0,0,0,0,0,0,0,0,Unspecified,Unspecified,,,,3542754,SPORT UTILITY / STATION WAGON,PASSENGER VEHICLE,,,
10/18/2016,11:10,QUEENS,11356,40.7925598,-73.8426194,"(40.7925598, -73.8426194)",5 AVENUE                        ,125 STREET,,0,0,0,0,0,0,0,0,Failure to Yield Right-of-Way,Unspecified,,,,3542529,PASSENGER VEHICLE,SPORT UTILITY / STATION WAGON,,,
10/18/2016,11:10,MANHATTAN,10035,40.8076539,-73.9392486,"(40.8076539, -73.9392486)",MADISON AVENUE                  ,EAST 128 STREET,,0,0,0,0,0,0,0,0,Unspecified,Unspecified,,,,3543312,PASSENGER VEHICLE,,,,
10/18/2016,11:10,MANHATTAN,10027,40.8141445,-73.9557055,"(40.8141445, -73.9557055)",AMSTERDAM AVENUE                ,WEST 126 STREET,,0,0,0,0,0,0,0,0,,,,,,3543156,SPORT UTILITY / STATION WAGON,PASSENGER VEHICLE,,,
10/18/2016,11:10,MANHATTAN,10019,40.7656228,-73.9882133,"(40.7656228, -73.9882133)",,,410       WEST 53 STREET                ,0,0,0,0,0,0,0,0,Driver Inattention/Distraction,Unspecified,,,,3542579,SPORT UTILITY / STATION WAGON,,,,
10/18/2016,11:10,MANHATTAN,10016,40.747009,-73.9771875,"(40.747009, -73.9771875)",EAST 36 STREET                  ,3 AVENUE,,0,0,0,0,0,0,0,0,Other Vehicular,Driver Inattention/Distraction,,,,3542610,TAXI,,,,
10/18/2016,11:10,MANHATTAN,10016,40.744443,-73.9790578,"(40.744443, -73.9790578)",3 AVENUE                        ,EAST 32 STREET,,0,0,0,0,0,0,0,0,Other Vehicular,Following Too Closely,,,,3542611,TAXI,PASSENGER VEHICLE,,,
10/18/2016,11:10,MANHATTAN,10012,40.7235681,-73.9928242,"(40.7235681, -73.9928242)",,,274       BOWERY                        ,0,0,0,0,0,0,0,0,Oversized Vehicle,Unspecified,,,,3543562,PASSENGER VEHICLE,,,,
10/18/2016,11:10,MANHATTAN,10001,40.7502939,-73.9948425,"(40.7502939, -73.9948425)",8 AVENUE                        ,WEST 31 STREET,,0,0,0,0,0,0,0,0,Unsafe Lane Changing,Unsafe Lane Changing,,,,3543553,TAXI,TAXI,,,
10/18/2016,11:10,BROOKLYN,11225,40.6570467,-73.9511532,"(40.6570467, -73.9511532)",,,277       WINTHROP STREET               ,0,0,0,0,0,0,0,0,Driver Inattention/Distraction,Driver Inattention/Distraction,,,,3542968,SPORT UTILITY / STATION WAGON,SPORT UTILITY / STATION WAGON,,,
10/18/2016,11:10,BROOKLYN,11205,40.6912226,-73.9527653,"(40.6912226, -73.9527653)",,,585       DE KALB AVENUE                ,0,0,0,0,0,0,0,0,Driver Inattention/Distraction,Unspecified,,,,3562751,SPORT UTILITY / STATION WAGON,PASSENGER VEHICLE,,,
10/18/2016,11:10,BRONX,10454,40.7980035,-73.909919,"(40.7980035, -73.909919)",,,920       EAST 132 STREET               ,0,0,0,0,0,0,0,0,Following Too Closely,,,,,3542681,,,,,
10/18/2016,10:10,,,40.7321016,-73.7469994,"(40.7321016, -73.7469994)",,,,1,0,0,0,0,0,1,0,Reaction to Other Uninvolved Vehicle,,,,,3542787,SPORT UTILITY / STATION WAGON,,,,
10/18/2016,10:10,STATEN ISLAND,10314,40.6160031,-74.1232827,"(40.6160031, -74.1232827)",CROWELL AVENUE                  ,MANOR ROAD,,1,0,0,0,0,0,1,0,Unspecified,Unspecified,,,,3543610,SPORT UTILITY / STATION WAGON,VAN,,,
10/18/2016,10:10,QUEENS,11414,40.6579698,-73.8482676,"(40.6579698, -73.8482676)",84 STREET                       ,159 AVENUE,,1,0,0,0,0,0,1,0,Driver Inattention/Distraction,Driver Inattention/Distraction,,,,3542523,PASSENGER VEHICLE,SPORT UTILITY / STATION WAGON,,,
10/18/2016,10:10,,,40.7864283,-73.8239273,"(40.7864283, -73.8239273)",,,,0,0,0,0,0,0,0,0,Failure to Yield Right-of-Way,Unspecified,,,,3542786,SPORT UTILITY / STATION WAGON,,,,
10/18/2016,10:10,,,40.7303695,-73.9138714,"(40.7303695, -73.9138714)",,,,0,0,0,0,0,0,0,0,Other Vehicular,Unspecified,,,,3542510,PASSENGER VEHICLE,PASSENGER VEHICLE,,,
10/18/2016,10:10,STATEN ISLAND,10301,40.6164151,-74.1035089,"(40.6164151, -74.1035089)",CLOVE ROAD                      ,VICTORY BOULEVARD,,0,0,0,0,0,0,0,0,Driver Inattention/Distraction,Unspecified,,,,3543186,SPORT UTILITY / STATION WAGON,PASSENGER VEHICLE,,,
10/18/2016,10:10,QUEENS,11691,40.5962568,-73.766834,"(40.5962568, -73.766834)",SEAGIRT BOULEVARD               ,ROCKAWAY FREEWAY,,0,0,0,0,0,0,0,0,Driver Inattention/Distraction,Unspecified,,,,3542616,SPORT UTILITY / STATION WAGON,SPORT UTILITY / STATION WAGON,,,
10/18/2016,10:10,QUEENS,11419,40.6889926,-73.8170639,"(40.6889926, -73.8170639)",128 STREET                      ,LIBERTY AVENUE,,0,0,0,0,0,0,0,0,Unspecified,Unspecified,,,,3542522,SPORT UTILITY / STATION WAGON,,,,
10/18/2016,10:10,QUEENS,11415,40.7058151,-73.8257462,"(40.7058151, -73.8257462)",126 STREET                      ,AUSTIN STREET,,0,0,0,0,0,0,0,0,Unspecified,,,,,3542388,PASSENGER VEHICLE,,,,
10/18/2016,10:10,QUEENS,11412,40.6971938,-73.7628061,"(40.6971938, -73.7628061)",,,114-26    MEXICO STREET                 ,0,0,0,0,0,0,0,0,Unspecified,,,,,3542515,PASSENGER VEHICLE,,,,
10/18/2016,10:10,QUEENS,11369,40.7641936,-73.8744358,"(40.7641936, -73.8744358)",,,25-03     95 STREET                     ,0,0,0,0,0,0,0,0,Unspecified,,,,,3542509,SPORT UTILITY / STATION WAGON,,,,
10/18/2016,10:10,MANHATTAN,10065,40.7666089,-73.9649896,"(40.7666089, -73.9649896)",EAST 66 STREET                  ,LEXINGTON AVENUE,,0,0,0,0,0,0,0,0,Turning Improperly,Unspecified,,,,3543078,PASSENGER VEHICLE,PASSENGER VEHICLE,,,
10/18/2016,10:10,MANHATTAN,10036,40.7625822,-74.0003863,"(40.7625822, -74.0003863)",12 AVENUE                       ,WEST 43 STREET,,0,0,0,0,0,0,0,0,Failure to Yield Right-of-Way,Unspecified,,,,3543136,TAXI,BICYCLE,,,
10/18/2016,10:10,MANHATTAN,10021,40.7690642,-73.961111,"(40.7690642, -73.961111)",EAST 71 STREET                  ,3 AVENUE,,0,0,0,0,0,0,0,0,Driver Inattention/Distraction,Driver Inattention/Distraction,Driver Inattention/Distraction,,,3555476,PASSENGER VEHICLE,PASSENGER VEHICLE,PASSENGER VEHICLE,,
10/18/2016,10:10,MANHATTAN,10021,40.7690642,-73.961111,"(40.7690642, -73.961111)",EAST 71 STREET                  ,3 AVENUE,,0,0,0,0,0,0,0,0,Driver Inattention/Distraction,Driver Inattention/Distraction,Driver Inattention/Distraction,,,3547699,SPORT UTILITY / STATION WAGON,TAXI,TAXI,,
10/18/2016,10:10,MANHATTAN,10017,40.7565574,-73.9744374,"(40.7565574, -73.9744374)",PARK AVENUE                     ,EAST 49 STREET,,0,0,0,0,0,0,0,0,Other Vehicular,Other Vehicular,,,,3542581,PASSENGER VEHICLE,PASSENGER VEHICLE,,,
10/18/2016,10:10,BROOKLYN,11232,40.6594725,-74.0023175,"(40.6594725, -74.0023175)",29 STREET                       ,3 AVENUE,,0,0,0,0,0,0,0,0,Unspecified,Unspecified,,,,3542466,PASSENGER VEHICLE,,,,
10/18/2016,10:10,BROOKLYN,11222,40.7297033,-73.9575548,"(40.7297033, -73.9575548)",,,140       FRANKLIN STREET               ,0,0,0,0,0,0,0,0,Unspecified,,,,,3542396,PASSENGER VEHICLE,,,,
10/18/2016,10:10,BRONX,10466,40.88872,-73.8400337,"(40.88872, -73.8400337)",,,1301      EAST 233 STREET               ,0,0,0,0,0,0,0,0,Unspecified,Unspecified,,,,3542463,PASSENGER VEHICLE,,,,
10/18/2016,10:10,BRONX,10463,40.8871106,-73.913697,"(40.8871106, -73.913697)",,,660       WEST 236 STREET               ,0,0,0,0,0,0,0,0,Driver Inattention/Distraction,Unspecified,,,,3543513,PASSENGER VEHICLE,PASSENGER VEHICLE,,,
10/18/2016,10:10,BRONX,10461,40.8516867,-73.8310535,"(40.8516867, -73.8310535)",WILKINSON AVENUE                ,HOBART AVENUE,,0,0,0,0,0,0,0,0,Unspecified,Unspecified,,,,3543154,TAXI,PASSENGER VEHICLE,,,
10/18/2016,0:10,QUEENS,11365,40.7330808,-73.8047542,"(40.7330808, -73.8047542)",,,164-02    69 AVENUE                     ,1,0,0,0,0,0,1,0,Passing or Lane Usage Improper,Unspecified,,,,3548381,PASSENGER VEHICLE,SPORT UTILITY / STATION WAGON,,,
10/18/2016,0:10,STATEN ISLAND,10306,40.5796897,-74.100392,"(40.5796897, -74.100392)",HYLAN BOULEVARD                 ,HUNTER AVENUE,,0,0,0,0,0,0,0,0,Failure to Yield Right-of-Way,Unspecified,,,,3542722,,,,,
10/18/2016,0:10,QUEENS,11436,40.6804771,-73.792091,"(40.6804771, -73.792091)",SUTPHIN BOULEVARD               ,FOCH BOULEVARD,,0,0,0,0,0,0,0,0,Driver Inattention/Distraction,Driver Inattention/Distraction,,,,3542594,PASSENGER VEHICLE,SPORT UTILITY / STATION WAGON,,,
10/18/2016,0:10,QUEENS,11412,40.6924712,-73.7594116,"(40.6924712, -73.7594116)",192 STREET                      ,LINDEN BOULEVARD,,0,0,0,0,0,0,0,0,Driver Inattention/Distraction,Driver Inattention/Distraction,,,,3542103,SPORT UTILITY / STATION WAGON,PASSENGER VEHICLE,,,
10/18/2016,0:10,MANHATTAN,10019,40.7678891,-73.9815125,"(40.7678891, -73.9815125)",COLUMBUS CIRCLE                 ,CENTRAL PARK SOUTH,,0,0,0,0,0,0,0,0,Passing or Lane Usage Improper,Driver Inattention/Distraction,,,,3542262,TAXI,TAXI,,,
10/18/2016,0:10,MANHATTAN,10016,40.7428535,-73.977207,"(40.7428535, -73.977207)",EAST 31 STREET                  ,2 AVENUE,,0,0,0,0,0,0,0,0,Backing Unsafely,Unspecified,,,,3542608,PASSENGER VEHICLE,PASSENGER VEHICLE,,,
10/18/2016,0:10,BROOKLYN,11222,40.7295015,-73.9539577,"(40.7295015, -73.9539577)",MANHATTAN AVENUE                ,MILTON STREET,,0,0,0,0,0,0,0,0,Driver Inattention/Distraction,Unspecified,,,,3542246,SPORT UTILITY / STATION WAGON,TAXI,,,
10/18/2016,0:10,BROOKLYN,11205,40.6911214,-73.9535659,"(40.6911214, -73.9535659)",DE KALB AVENUE                  ,WALWORTH STREET,,0,0,0,0,0,0,0,0,Unspecified,,,,,3544328,SPORT UTILITY / STATION WAGON,PASSENGER VEHICLE,,,
