Name,Period,Diet,Country
Aardonyx,Jurassic,herbivore,South Africa
Abelisaurus,Cretaceous       ,carnivore,South America
Abrictosaurus,Jurassic,herbivore,South Africa
Abrosaurus,Jurassic,herbivore,China
Abydosaurus,Cretaceous,herbivore,North America
Acanthopholis,Cretaceous,herbivore,England
Achelousaurus,Cretaceous,herbivore,North America
Acheroraptor,Cretaceous,carnivore,North America
Achillesaurus,Cretaceous,carnivore,South America
Achillobator,Cretaceous,carnivore,Mongolia
Acristavus,Cretaceous,herbivore,North America
Acrocanthosaurus,Cretaceous,carnivore,North America
Acrotholus,Cretaceous,herbivore,North America
Adamantisaurus,Cretaceous,herbivore,South America
Adasaurus,Cretaceous,carnivore,Mongolia
Adeopapposaurus,Jurassic,herbivore,South America
Adratiklit,Jurassic,herbivore,Morocco
Adynomosaurus,Cretaceous,herbivore,Spain
Aegyptosaurus,Cretaceous,herbivore,"Egypt, Niger"
Aeolosaurus,Cretaceous,herbivore,South America
Aepisaurus,Cretaceous,herbivore,France
Aerosteon,Cretaceous,carnivore,South America
Aetonyx,Jurassic,herbivore,"South Africa, Lesotho, Zimbabwe"
Afrovenator,Jurassic,carnivore,Niger
Agathaumas,Cretaceous,herbivore,North America
Agilisaurus,Jurassic,herbivore,China
Agrosaurus,Triassic,herbivore,England
Agujaceratops,Cretaceous,herbivore,North America
Agustinia,Cretaceous,herbivore,South America
Ahshislepelta,Cretaceous,herbivore,North America
Airakoraptor,Cretaceous,carnivore,Mongolia
Ajkaceratops,Cretaceous,herbivore,Hungary
Akainacephalus,Cretaceous,herbivore,North America
Alamosaurus,Cretaceous,herbivore,North America
Alaskacephale,Cretaceous,herbivore,North America
Albalophosaurus,Cretaceous,herbivore,Japan
Albertaceratops,Cretaceous,herbivore,North America
Albertadromeus,Cretaceous,herbivore,North America
Albertonykus,Cretaceous,carnivore/insectivore,North America
Albertosaurus,Cretaceous,carnivore,North America
Albinykus,Cretaceous,carnivore,Mongolia
Alcovasaurus,Jurassic,herbivore,North America
Alectrosaurus,Cretaceous,carnivore,Mongolia
Aletopelta,Cretaceous,herbivore,North America
Algoasaurus,Jurassic/Cretaceous,herbivore,South Africa
Alioramus,Cretaceous,carnivore,Mongolia (& China?)
Allosaurus,Jurassic,carnivore,North America
Allosaurus,Jurassic,carnivore,"Tanzania, USA, & Portugal"
Allosaurus,Jurassic,carnivore,"Portugal, USA, & Tanzania"
Alnashetri,Cretaceous,carnivore,South America
Alocodon,Jurassic,(herbivore),Portugal
Altirhinus,Cretaceous,herbivore,Mongolia
Altispinax,Cretaceous,carnivore,England
Alvarezsaurus,Cretaceous,carnivore,South America
Alwalkeria,Late Triassic,omnivore,India
Alxasaurus,Cretaceous,herbivore,Mongolia
Amargasaurus,Cretaceous,herbivore,South America
Amargatitanis,Cretaceous,herbivore,South America
Amazonsaurus,Cretaceous,herbivore,South America
Ampelosaurus,Cretaceous,herbivore,France
Amphicoelias,Jurassic,herbivore,North America
Amtocephale,Cretaceous,herbivore,Mongolia
Amtosaurus,Cretaceous,herbivore,Mongolia
Amurosaurus,Cretaceous,herbivore,Russia & China
Amygdalodon,Jurassic,herbivore,South America
Anabisetia,Cretaceous,herbivore,South America
Anasazisaurus,Cretaceous,herbivore,North America
Anchiceratops,Cretaceous,herbivore,North America
Anchiornis,Jurassic,carnivore,China
Anchisaurus,Jurassic,herbivore,North America
Andesaurus,Cretaceous,herbivore,South America
Angaturama,Cretaceous,carnivore,South America
Angolatitan,Cretaceous,herbivore,Angola
Angulomastacator,Cretaceous,herbivore,North America
Aniksosaurus,Cretaceous,carnivore,South America
Animantarx,Cretaceous,herbivore,North America
Ankylosaurus,Cretaceous,herbivore,North America
Anodontosaurus,Cretaceous,herbivore,North America
Anoplosaurus,Cretaceous,herbivore,England
Anserimimus,Cretaceous,omnivore,Mongolia
Antarctopelta,Late Cretaceous,herbivore,Antarctica
Antarctosaurus,Cretaceous,herbivore,South America
Antetonitrus,Triassic or Jurassic,herbivore,South Africa
Antrodemus,Jurassic,carnivore,North America
Anzu,Cretaceous,omnivore,North America
Aoniraptor,Cretaceous,carnivore,South America
Aorun,Jurassic,carnivore,China
Apatodon,Jurassic,carnivore,North America
Apatosaurus,Jurassic,herbivore,North America
Appalachiosaurus,Cretaceous,carnivore,North America
Aquilarhinus,Cretaceous,herbivore,North America
Aragosaurus,Cretaceous,herbivore,Spain
Aralosaurus,Cretaceous,herbivore,Kazakhstan
Archaeoceratops,Cretaceous,herbivore,China
Archaeodontosaurus,Middle Jurassic,herbivore,Madagascar
Archaeopteryx,Jurassic,carnivore,Germany
Archaeornithoides,Cretaceous,carnivore,Mongolia
Archaeornithomimus,Cretaceous,omnivore,China
Arcovenator,Cretaceous,carnivore,France
Arcusaurus,Jurassic,herbivore,South Africa
Arenysaurus,Cretaceous,herbivore,Spain
Argentinosaurus,Cretaceous,herbivore,South America
Argyrosaurus,Cretaceous,herbivore,South America
Aristosuchus,Cretaceous,carnivore,England
Arkansaurus,Cretaceous,omnivore,North America
Arkharavia,Cretaceous,herbivore,Russia
Arrhinoceratops,Cretaceous,herbivore,North America
Arstanosaurus,Cretaceous,herbivore,Kazakhstan
Asiaceratops,Cretaceous,herbivore,Mongolia & China
Asiatosaurus,Cretaceous,herbivore,China & Mongolia
Astrodon,Cretaceous,herbivore,North America
Astrophocaudia,Cretaceous,herbivore,North America
Asylosaurus,Triassic,herbivore/omnivore,England
Atacamatitan,Cretaceous,herbivore,South America
Atlantosaurus,Jurassic,herbivore,North America
Atlasaurus,Jurassic,herbivore,Morocco
Atlascopcosaurus,Early Cretaceous,herbivore,Australia
Atrociraptor,Cretaceous,carnivore,North America
Atsinganosaurus,Cretaceous,herbivore,France
Aublysodon,Cretaceous,carnivore,North America
Aucasaurus,Cretaceous,carnivore,South America
Augustynolophus,Cretaceous,herbivore,North America
Auroraceratops,Cretaceous,herbivore,China & South Korea
Aurornis,Jurassic,carnivore,China
Australodocus,Jurassic,herbivore,Tanzania
Australovenator,Early-Late Cretaceous,carnivore,Australia
Austrocheirus,Cretaceous,carnivore,South America
Austroraptor,Cretaceous,carnivore,South America
Austrosaurus,Early Cretaceous,herbivore,Australia
Avaceratops,Cretaceous,herbivore,North America
Aviatyrannis,Jurassic,carnivore,Portugal
Avimimus,Cretaceous,omnivore,Mongolia
Bactrosaurus,Cretaceous,herbivore,China
Bagaceratops,Cretaceous,herbivore,Mongolia
Bagaraatan,Cretaceous,carnivore,Mongolia
Bahariasaurus,Cretaceous,carnivore,"Egypt,Niger, Morocco, Algeria"
Bainoceratops,Cretaceous,herbivore,Mongolia
Bajadasaurus,Cretaceous,herbivore,South America
Bakesaurus,Cretaceous,(unknown),China
Balaur,Cretaceous,herbivore/omnivore,Romania
Balochisaurus,Cretaceous,herbivore,Pakistan
Bambiraptor,Cretaceous,carnivore,North America
Banji,Cretaceous,omnivore,China
Baotianmansaurus,Cretaceous,herbivore,China
Barapasaurus,Early Jurassic,herbivore,India
Barilium,Cretaceous,herbivore,England
Barosaurus,Jurassic,herbivore,North America
Barrosasaurus,Cretaceous,herbivore,South America
Barsboldia,Cretaceous,herbivore,Mongolia
Baryonyx,Cretaceous,carnivore,"Spain, Portugal, England"
Batyrosaurus,Cretaceous,herbivore,Kazakhstan
Baurutitan,Cretaceous,herbivore,South America
Bayosaurus,Cretaceous,carnivore,South America
Beelemodon,Jurassic,carnivore,North America
Beipiaosaurus,Cretaceous,herbivore,China
Beishanlong,Cretaceous,omnivore,China
Bellusaurus,Jurassic,herbivore,China
Berberosaurus,Jurassic,carnivore,Morocco
Betasuchus,Cretaceous,carnivore,Netherlands
Bicentenaria,Cretaceous,carnivore,South America
Bienosaurus,Jurassic,herbivore,China
Bihariosaurus,Cretaceous,herbivore,Romania
Bissektipelta,Cretaceous,herbivore,Uzbekistan
Bistahieversor,Cretaceous,carnivore,North America
Blasisaurus,Cretaceous,herbivore,Spain
Blikanasaurus,Triassic,herbivore,South Africa
Bolong,Cretaceous,herbivore,China
Bonapartenykus,Cretaceous,carnivore,South America
Bonatitan,Cretaceous,herbivore,South America
Bonitasaura,Cretaceous,herbivore,South America
Borealosaurus,Cretaceous,herbivore,China
Borogovia,Cretaceous,carnivore,Mongolia
Bothriospondylus,Jurassic,herbivore,England
Brachiosaurus,Jurassic,herbivore,North America
Brachyceratops,Cretaceous,herbivore,North America
Brachylophosaurus,Cretaceous,herbivore,North America
Brachypodosaurus,Late Cretaceous,herbivore,India
Brachytrachelopan,Jurassic,herbivore,South America
Bradycneme,Cretaceous,(carnivore),Romania
Brasilotitan,Cretaceous,herbivore,South America
Bravoceratops,Cretaceous,herbivore,North America
Breviceratops,Cretaceous,herbivore,Mongolia
Brohisaurus,Jurassic,herbivore,Pakistan
Brontomerus,Cretaceous,herbivore,North America
Brontosaurus,Jurassic,herbivore,North America
Bruhathkayosaurus,Late Cretaceous,herbivore,India
Buitreraptor,Cretaceous,carnivore,South America
Burianosaurus,Cretaceous,herbivore,Czech Republic
Byronosaurus,Cretaceous,carnivore,Mongolia
Caenagnathasia,Cretaceous,omnivore,Uzbekistan
Calamosaurus,Cretaceous,carnivore,England
Calamospondylus,Cretaceous,(carnivore),England
Callovosaurus,Jurassic,herbivore,England
Camarasaurus,Jurassic,herbivore,North America
Camarillasaurus,Cretaceous,carnivore,Spain
Camelotia,Triassic,herbivore,England
Camposaurus,Triassic,carnivore,North America
Camptosaurus,Jurassic,herbivore,North America
Campylodoniscus,Cretaceous,herbivore,South America
Canardia,Cretaceous,herbivore,France
Capitalsaurus,Cretaceous,carnivore,North America
Carcharodontosaurus,Cretaceous,carnivore,"Egypt, Niger, Algeria, Morocco"
Cardiodon,Jurassic,herbivore,England
Carnotaurus,Cretaceous,carnivore,South America
Caseosaurus,Triassic,carnivore,North America
Cathartesaura,Cretaceous,herbivore,South America
Cathetosaurus,Jurassic,herbivore,North America
Caudipteryx,Cretaceous,omnivore,China
Cedarosaurus,Cretaceous,herbivore,North America
Cedarpelta,Cretaceous,herbivore,North America
Cedrorestes,Cretaceous,herbivore,North America
Centrosaurus,Cretaceous,herbivore,North America
Cerasinops,Cretaceous,herbivore,North America
Ceratonykus,Cretaceous,omnivore,Mongolia
Ceratops,Cretaceous,herbivore,North America
Ceratosaurus,Jurassic,carnivore,North America
Ceratosaurus,Jurassic,carnivore,Portugal & USA
Cetiosauriscus,Jurassic,herbivore,England
Cetiosaurus,Jurassic,herbivore,"England, France, Switzerland, Morocco"
Changchunsaurus,Cretaceous,herbivore,China
Changdusaurus,Jurassic,herbivore,China
Changyuraptor,Cretaceous,carnivore,China
Chaoyangsaurus,Jurassic,herbivore,China
Charonosaurus,Cretaceous,herbivore,"China, Russia, & Mongolia(?)"
Chasmosaurus,Cretaceous,herbivore,North America
Chebsaurus,Jurassic,herbivore,Algeria
Chenanisaurus,Cretaceous,carnivore,Morocco
Chialingosaurus,Jurassic,herbivore,China
Chiayusaurus,Jurassic,herbivore,China
Chilantaisaurus,Cretaceous,carnivore,China
Chilesaurus,Jurassic,herbivore,South America
Chindesaurus,Triassic,carnivore,North America
Chingkankousaurus,Cretaceous,carnivore,China
Chinshakiangosaurus,Jurassic,herbivore,China
Chirostenotes,Cretaceous,carnivore,North America
Chondrosteosaurus,Cretaceous,herbivore,England
Choyrodon,Cretaceous,herbivore,Mongolia
Chromogisaurus,Triassic,unknown,South America
Chuandongocoelurus,Jurassic,carnivore,China
Chuanjiesaurus,Jurassic,herbivore,China
Chuanqilong,Cretaceous,herbivore,China
Chubutisaurus,Cretaceous,herbivore,South America
Chungkingosaurus,Jurassic,herbivore,China
Chuxiongosaurus,Jurassic,herbivore,China
Cionodon,Cretaceous,herbivore,North America
Citipati,Cretaceous,omnivore,Mongolia
Claorhynchus,Cretaceous,herbivore,North America
Claosaurus,Cretaceous,herbivore,North America
Clasmodosaurus,Cretaceous,herbivore,South America
Coahuilaceratops,Cretaceous,herbivore,North America
Coelophysis,Triassic/Jurassic,carnivore,North America
Coelophysis,Jurassic,carnivore,"USA, South Africa, & Zimbabwe"
Coelosaurus,Cretaceous,carnivore,North America
Coeluroides,Late Cretaceous,carnivore,India
Coelurus,Jurassic,carnivore,North America
Colepiocephale,Cretaceous,herbivore,North America
Coloradisaurus,Triassic,herbivore,South America
Comahuesaurus,Cretaceous,herbivore,South America
Comanchesaurus,Triassic,carnivore,North America
Compsognathus,Jurassic,carnivore,Germany & France
Compsosuchus,Late Cretaceous,carnivore,India
Concavenator,Cretaceous,carnivore,Spain
Conchoraptor,Cretaceous,omnivore,Mongolia
Condorraptor,Jurassic,carnivore,South America
Coronosaurus,Cretaceous,herbivore,North America
Corythosaurus,Cretaceous,herbivore,North America
Craspedodon,Cretaceous,herbivore,Belgium
Craterosaurus,Cretaceous,herbivore,England
Crichtonpelta,Cretaceous,herbivore,China
Crichtonsaurus,Cretaceous,herbivore,China
Cristatusaurus,Cretaceous,carnivore,Niger
Cruxicheiros,Jurassic,carnivore,England
Cryolophosaurus,Early Jurassic,carnivore,Antarctica
Cryptosaurus,Jurassic,herbivore,England
Cumnoria,Jurassic,herbivore,England
Daanosaurus,Jurassic,herbivore,China
Dacentrurus,Jurassic,herbivore,"England, France, Spain, Portugal"
Dachongosaurus,Jurassic,herbivore,China
Daemonosaurus,Triassic,carnivore,North America
Dahalokely,Late Cretaceous,carnivore,Madagascar
Dakotadon,Cretaceous,herbivore,North America
Dakotaraptor,Cretaceous,carnivore,North America
Damalasaurus,Jurassic,herbivore,China
Dandakosaurus,Early Jurassic,carnivore,India
Darwinsaurus,Cretaceous,herbivore,England
Dashanpusaurus,Jurassic,herbivore,China
Daspletosaurus,Cretaceous,carnivore,North America
Datanglong,Cretaceous,carnivore,China
Datousaurus,Jurassic,herbivore,China
Daxiatitan,Cretaceous,herbivore,China
Deinocheirus,Cretaceous,omnivore,Mongolia
Deinodon,Cretaceous,carnivore,North America
Deinonychus,Cretaceous,carnivore,South Korea
Deinonychus,Cretaceous,carnivore,North America
Delapparentia,Cretaceous,herbivore,Spain
Deltadromeus,Cretaceous,carnivore,"Morocco, Algeria, Egypt"
Demandasaurus,Cretaceous,herbivore,Spain
Diabloceratops,Cretaceous,herbivore,North America
Diamantinasaurus,Late Cretaceous,herbivore,Australia
Diclonius,Cretaceous,herbivore,North America
Dicraeosaurus,Jurassic,herbivore,Tanzania
Dilong,Cretaceous,carnivore,China
Dilophosaurus,Jurassic,carnivore,North America
Diluvicursor,Early Cretaceous,herbivore,Australia
Dinheirosaurus,Jurassic,herbivore,Portugal
Dinodocus,Cretaceous,herbivore,England
Diplodocus,Jurassic,herbivore,North America
Diplotomodon,Cretaceous,carnivore,North America
Dolichosuchus,Triassic,carnivore,Germany
Dongbeititan,Cretaceous,herbivore,China
Dongyangopelta,Cretaceous,herbivore,China
Dongyangosaurus,Cretaceous,herbivore,China
Draconyx,Jurassic,herbivore,Portugal
Dracopelta,Jurassic,herbivore,Portugal
Dracoraptor,Jurassic,carnivore,England
Dracorex,Cretaceous,herbivore,North America
Dracovenator,Jurassic,carnivore,South Africa
Dreadnoughtus,Cretaceous,herbivore,South America
Drinker,Jurassic,herbivore,North America
Dromaeosauroides,Cretaceous,carnivore,Denmark
Dromaeosaurus,Cretaceous,carnivore,North America
Dromiceiomimus,Cretaceous,omnivore,North America
Drusilasaura,Cretaceous,herbivore,South America
Dryosaurus,Jurassic,herbivore,North America
Dryosaurus,Jurassic,herbivore,Portugal & USA
Dryptosauroides,Late Cretaceous,carnivore,India
Dryptosaurus,Cretaceous,carnivore,North America
Dubreuillosaurus,Jurassic,carnivore,France
Duriatitan,Jurassic,herbivore,England
Duriavenator,Jurassic,carnivore,England
Dynamoterror,Cretaceous,carnivore,North America
Dyoplosaurus,Cretaceous,herbivore,North America
Dysalotosaurus,Jurassic,herbivore,Tanzania
Dysganus,Cretaceous,herbivore,North America
Dyslocosaurus,Jurassic,herbivore,North America
Dystrophaeus,Jurassic,herbivore,North America
Echinodon,Cretaceous,omnivore,England
Edmontonia,Cretaceous,herbivore,North America
Edmontosaurus,Cretaceous,herbivore,North America
Efraasia,Triassic,herbivore,Germany
Einiosaurus,Cretaceous,herbivore,North America
EK troodont,Cretaceous,carnivore,Mongolia
Ekrixinatosaurus,Cretaceous,carnivore,South America
Elaltitan,Cretaceous,herbivore,South America
Elaphrosaurus,Jurassic,carnivore,Tanzania
Elmisaurus,Cretaceous,carnivore,Mongolia
Elopteryx,Cretaceous,carnivore,Romania
Elrhazosaurus,Cretaceous,herbivore,Niger
Emausaurus,Jurassic,herbivore,Germany
Enigmosaurus,Cretaceous,herbivore,Mongolia
Eoabelisaurus,Jurassic,carnivore,South America
Eocarcharia,Cretaceous,carnivore,Niger
Eocursor,Triassic or Jurassic,herbivore,South Africa
Eodromaeus,Triassic,carnivore,South America
Eolambia,Cretaceous,herbivore,North America
Eomamenchisaurus,Jurassic,herbivore,China
Eoraptor,Triassic,omnivore,South America
Eosinopteryx,Jurassic,carnivore,China
Eotrachodon,Cretaceous,herbivore,North America
Eotriceratops,Cretaceous,herbivore,North America
Eotyrannus,Cretaceous,carnivore,England
Eousdryosaurus,Jurassic,herbivore,Portugal
Epachthosaurus,Cretaceous,herbivore,South America
Epanterias,Jurassic,carnivore,North America
Epichirostenotes,Cretaceous,carnivore,North America
Epidendrosaurus,Jurassic,carnivore,China
Epidexipteryx,Jurassic,carnivore,China
Equijubus,Cretaceous,herbivore,China
Erectopus,Cretaceous,carnivore,France
Erketu,Cretaceous,herbivore,Mongolia
Erliansaurus,Cretaceous,herbivore,China
Erlikosaurus,Cretaceous,herbivore,Mongolia
Eshanosaurus,Jurassic,herbivore,China
Eucamerotus,Cretaceous,herbivore,England
Eucercosaurus,Cretaceous,herbivore,England
Eucnemesaurus,Triassic,herbivore,South Africa
Eugongbusaurus,Jurassic,herbivore,China
Euhelopus,Cretaceous,herbivore,China
Euoplocephalus,Cretaceous,herbivore,North America
Euronychodon,Cretaceous,carnivore,Portugal & Uzbekistan
Europasaurus,Jurassic,herbivore,Germany
Europatitan,Cretaceous,herbivore,Spain
Europelta,Cretaceous,herbivore,Spain
Euskelosaurus,Triassic,herbivore,"South Africa, Zimbabwe, Lesotho"
Eustreptospondylus,Jurassic,carnivore,England
Fabrosaurus,Jurassic,herbivore,Lesotho
Falcarius,Cretaceous,herbivore/omnivore,North America
Ferganasaurus,Jurassic,herbivore,Kyrgyzstan
Ferganocephale,Jurassic,herbivore,Kyrgyzstan
Ferrisaurus,Cretaceous,herbivore,North America
Fostoria,Cretaceous,herbivore,Australia
Fruitadens,Jurassic,omnivore,North America
Fukuiraptor,Cretaceous,carnivore,Japan
Fukuisaurus,Cretaceous,herbivore,Japan
Fukuititan,Cretaceous,herbivore,Japan
Fukuivenator,Cretaceous,unknown,Japan
Fulengia,Jurassic,herbivore,China
Fulgurotherium,Early Cretaceous,herbivore,Australia
Fushanosaurus,Jurassic,herbivore,China
Fusuisaurus,Cretaceous,herbivore,China
Futabasaurus,Cretaceous,carnivore,Japan
Futalognkosaurus,Cretaceous,herbivore,South America
Gadolosaurus,Cretaceous,herbivore,Mongolia
Galeamopus,Jurassic,herbivore,North America
Galleonosaurus,Early Cretaceous,herbivore,Australia
Gallimimus,Cretaceous,omnivore,Mongolia
Galvesaurus,Jurassic/Cretaceous,herbivore,Spain
Gannansaurus,Cretaceous,herbivore,China
Ganzhousaurus,Cretaceous,omnivore,China
Gargoyleosaurus,Jurassic,herbivore,North America
Garudimimus,Cretaceous,omnivore,Mongolia
Gasosaurus,Jurassic,carnivore,China
Gasparinisaura,Cretaceous,herbivore,South America
Gastonia,Cretaceous,herbivore,North America
Geminiraptor,Cretaceous,carnivore,North America
Genusaurus,Cretaceous,carnivore,France
Genyodectes,Cretaceous,carnivore,South America
Geranosaurus,Jurassic,herbivore,South Africa
Gideonmantellia,Cretaceous,herbivore,Spain
Giganotosaurus,Cretaceous,carnivore,South America
Gigantoraptor,Cretaceous,omnivore,China
Gigantosaurus,Cretaceous,herbivore,England
Gigantspinosaurus,Jurassic,herbivore,China
Gilmoreosaurus,Cretaceous,herbivore,Mongolia & Uzbekistan
Giraffatitan,Jurassic,herbivore,Tanzania
Glacialisaurus,Early Jurassic,herbivore,Antarctica
Glishades,Cretaceous,herbivore,North America
Glyptodontopelta,Cretaceous,herbivore,North America
Gnathovorax,Triassic,Carnivore,South America
Gobiceratops,Cretaceous,herbivore,Mongolia
Gobiraptor,Cretaceous,omnivorous,Mongolia
Gobisaurus,Cretaceous,herbivore,China
Gobititan,Cretaceous,herbivore,Mongolia
Gobivenator,Cretaceous,carnivore,Mongolia
Gojirasaurus,Triassic,carnivore,North America
Gondwanatitan,Cretaceous,herbivore,South America
Gongbusaurus,Jurassic,herbivore,China
Gongpoquansaurus,Cretaceous,herbivore,China
Gongxianosaurus,Jurassic,herbivore,China
Gorgosaurus,Cretaceous,carnivore,North America
Goyocephale,Cretaceous,herbivore/omnivore,Mongolia
Graciliceratops,Cretaceous,herbivore,Mongolia
Graciliraptor,Cretaceous,carnivore,China
Gravitholus,Cretaceous,herbivore,North America
Gryphoceratops,Cretaceous,herbivore,North America
Gryposaurus,Cretaceous,herbivore,North America
Gspsaurus,Cretaceous,herbivore,Pakistan
Guaibasaurus,Triassic,carnivore,South America
Gualicho,Cretaceous,carnivore,South America
Guanlong,Jurassic,carnivore,China
Gyposaurus,Jurassic,herbivore,South Africa & China (?)
Gyposaurus,Jurassic,herbivore,South Africa
Hadrosaurus,Cretaceous,herbivore,North America
Hagryphus,Cretaceous,carnivore,North America
Halticosaurus,Triassic,carnivore,Germany
Hanssuesia,Cretaceous,herbivore,North America
Hanwulosaurus,Cretaceous,herbivore,China
Haplocanthosaurus,Jurassic,herbivore,North America
Haplocheirus,Jurassic,carnivore,China
Harpymimus,Cretaceous,herbivore,Mongolia
Haya,Cretaceous,herbivore/omnivore,Mongolia
Heilongjiangosaurus,Cretaceous,herbivore,China
Heishansaurus,Cretaceous,herbivore,China
Helioceratops,Cretaceous,herbivore,China
Heptasteornis,Cretaceous,carnivore,Romania
Herrerasaurus,Triassic,carnivore,South America
Hesperonychus,Cretaceous,carnivore,North America
Hesperosaurus,Jurassic,herbivore,North America
Heterodontosaurus,Jurassic,omnivore,South Africa
Hexing,Cretaceous,herbivore,China
Hexinlusaurus,Jurassic,herbivore,China
Heyuannia,Cretaceous,carnivore,China
Hippodraco,Cretaceous,herbivore,North America
Histriasaurus,Cretaceous,herbivore,Croatia
Homalocephale,Cretaceous,herbivore/omnivore,Mongolia
Hoplitosaurus,Cretaceous,herbivore,North America
Horshamosaurus,Cretaceous,herbivore,England
Huabeisaurus,Cretaceous,herbivore,China
Huanghetitan,Cretaceous,herbivore,China
Huaxiagnathus,Cretaceous,carnivore,China
Huayangosaurus,Jurassic,herbivore,China
Hudiesaurus,Jurassic,herbivore,China
Huehuecanauhtlus,Cretaceous,herbivore,North America
Hulsanpes,Cretaceous,carnivore,Mongolia
Hungarosaurus,Cretaceous,herbivore,Hungary
Huxleysaurus,Cretaceous,herbivore,England
Hylaeosaurus,Cretaceous,herbivore,England
Hypacrosaurus,Cretaceous,herbivore,North America
Hypselosaurus,Cretaceous,herbivore,France
Hypselospinus,Cretaceous,herbivore,England
Hypsibema,Cretaceous,herbivore,North America
Hypsilophodon,Cretaceous,herbivore,England
Ichthyovenator,Cretaceous,carnivore,Laos
Ignavusaurus,Jurassic,herbivore,Lesotho
Iguanacolossus,Cretaceous,herbivore,North America
Iguanodon,Cretaceous,herbivore,"England, Belgium, USA, France, Mongolia & Spain"
Iliosuchus,Cretaceous,carnivore,England
Ilokelesia,Cretaceous,carnivore,South America
Imperobator,Late Cretaceous,carnivore,Antarctica
Incisivosaurus,Cretaceous,herbivore/omnivore,China
Indosaurus,Late Cretaceous,carnivore,India
Indosuchus,Late Cretaceous,carnivore,India
Inosaurus,Cretaceous,carnivore,Egypt
Irritator,Cretaceous,carnivore,South America
Isaberrysaura,Jurassic,herbivore,South America
Isanosaurus,Triassic,herbivore,Thailand
Ischyrosaurus,Jurassic,herbivore,England
Isisaurus,Late Cretaceous,herbivore,India
Itapeuasaurus,Cretaceous,herbivore,South America
Itemirus,Cretaceous,carnivore,Uzbekistan
Iuticosaurus,Cretaceous,herbivore,England
Jainosaurus,Late Cretaceous,herbivore,India
Jaklapallisaurus,Late Triassic,herbivore,India
Janenschia,Jurassic,herbivore,Tanzania
Jaxartosaurus,Cretaceous,herbivore,Kazakhstan
Jeholosaurus,Cretaceous,herbivore,China
Jeyawati,Cretaceous,herbivore,North America
Jianchangosaurus,Cretaceous,herbivore,China
Jiangjunosaurus,Jurassic,herbivore,China
Jiangshanosaurus,Cretaceous,herbivore,China
Jiangxisaurus,Cretaceous,omnivore,China
Jinfengopteryx,Jurassic/Cretaceous,omnivore,China
Jingshanosaurus,Jurassic,herbivore,China
Jintasaurus,Cretaceous,herbivore,China
Jinzhousaurus,Cretaceous,herbivore,China
Jiutaisaurus,Cretaceous,herbivore,China
Jobaria,Jurassic,herbivore,Niger
Jubbulpuria,Late Cretaceous,carnivore,India
Judiceratops,Cretaceous,herbivore,North America
Juratyrant,Jurassic,carnivore,England
Juravenator,Jurassic,carnivore,Germany
Kaatedocus,Jurassic,herbivore,North America
Kaijiangosaurus,Jurassic,carnivore,China
Kakuru,Early Cretaceous,?,Australia
Kamuysaurus,Cretaceous,Herbivore,Japan
Kangnasaurus,Cretaceous,herbivore,South Africa
Karongasaurus,Cretaceous,herbivore,Malawi
Katepensaurus,Cretaceous,herbivore,South America
Kayentavenator,Jurassic,carnivore,North America
Kazaklambia,Cretaceous,herbivore,Kazakhstan
Kelmayisaurus,Cretaceous,carnivore,China
Kentrosaurus,Jurassic,herbivore,Tanzania
Kerberosaurus,Cretaceous,herbivore,Russia
Khaan,Cretaceous,carnivore/omnivore,Mongolia
Khetranisaurus,Cretaceous,herbivore,Pakistan
Kileskus,Jurassic,carnivore,Russia
Kinnareemimus,Cretaceous,omnivore,Thailand
Klamelisaurus,Jurassic,herbivore,China
Kol,Cretaceous,carnivore,Mongolia
Koparion,Jurassic,carnivore,North America
Koreaceratops,Cretaceous,herbivore,South Korea
Koreanosaurus,Cretaceous,herbivore,South Korea
Koreanosaurus,Cretaceous,carnivore?,Korea
Koshisaurus,Cretaceous,herbivore,Japan
Kosmoceratops,Cretaceous,herbivore,North America
Kotasaurus,Early Jurassic,herbivore,India
Kritosaurus,Cretaceous,herbivore,North America
Kryptops,Cretaceous,carnivore,Niger
Kukufeldia,Cretaceous,herbivore,England
Kulceratops,Cretaceous,herbivore,Uzbekistan
Kulindadromeus,Jurassic,herbivore,Russia
Kunbarrasaurus,Early Cretaceous,herbivore,Australia
Kundurosaurus,Cretaceous,herbivore,Russia
Kunmingosaurus,Jurassic,herbivore,China
Labocania,Cretaceous,carnivore,North America
Laevisuchus,Late Cretaceous,carnivore,India
Lajasvenator,Cretaceous,carnivore,South America
Lamaceratops,Cretaceous,herbivore,Mongolia
Lambeosaurus,Cretaceous,herbivore,North America
Lametasaurus,Late Cretaceous,carnivore,India
Lamplughsaura,Early Jurassic,herbivore,India
Lancanjiangosaurus,Jurassic,herbivore,China
Lanzhousaurus,Cretaceous,herbivore,China
Laosaurus,Jurassic/Cretaceous,herbivore,North America
Lapampasaurus,Cretaceous,herbivore,South America
Laplatasaurus,Cretaceous,herbivore,South America
Lapparentosaurus,Middle Jurassic,herbivore,Madagascar
Laquintasaura,Jurassic,herbivore,South America
Latenivenatrix,Cretaceous,carnivore,North America
Latirhinus,Cretaceous,herbivore,North America
Leaellynasaura,Early Cretaceous,herbivore,Australia
Leinkupal,Cretaceous,herbivore,South America
Leonerasaurus,Triassic or Jurassic,herbivore,South America
Leptoceratops,Cretaceous,herbivore,North America
Leptorhynchos,Cretaceous,omnivore,North America
Leshansaurus,Jurassic,carnivore,China
Lesothosaurus,Jurassic,herbivore,Lesotho
Lessemsaurus,Triassic,herbivore,South America
Levnesovia,Cretaceous,herbivore,Uzbekistan
Lexovisaurus,Jurassic,herbivore,"England, France"
Leyesaurus,Jurassic,herbivore,South America
Liaoceratops,Cretaceous,herbivore,China
Liaoningosaurus,Cretaceous,carnivore,China
Liassaurus,Jurassic,(unknown),England
Ligabueino,Cretaceous,carnivore,South America
Ligabuesaurus,Cretaceous,herbivore,South America
Lihkoelesauus,Triassic,(unknown),South Africa
Liliensternus,Triassic,carnivore,Germany
Limaysaurus,Cretaceous,herbivore,South America
Limusaurus,Jurassic,herbivore,China
Lingwulong,Jurassic,herbivore,China
Linhenykus,Cretaceous,carnivore,China
Linheraptor,Cretaceous,carnivore,China
Linhevenator,Cretaceous,carnivore,China
Lirainosaurus,Cretaceous,herbivore,Spain
Liubangosaurus,Cretaceous,herbivore,China
Loncosaurus,Cretaceous,herbivore,South America
Lophorhothon,Cretaceous,herbivore,North America
Lophostropheus,Triassic/Jurassic,carnivore,France
Loricatosaurus,Jurassic,herbivore,England and France
Losillasaurus,Jurassic/Cretaceous,herbivore,Spain
Lourinhanosaurus,Jurassic,carnivore,Portugal
Lourinhasaurus,Jurassic,herbivore,Portugal
Luanchuanraptor,Cretaceous,carnivore,China
Lufengosaurus,Jurassic,herbivore,China
Luoyanggia,Cretaceous,omnivore,China
Lurdusaurus,Cretaceous,herbivore,Niger
Lusitanosaurus,Jurassic,herbivore,Portugal
Lusotitan,Jurassic,herbivore,Portugal
Lycorhinus,Jurassic,omnivore,South Africa
Lythronax,Cretaceous,carnivore,North America
Machairasaurus,Cretaceous,omnivore,China
Macrogryphosaurus,Cretaceous,herbivore,South America
Macrurosaurus,Cretaceous,herbivore,England
Magnamanus,Cretaceous,herbivore,Spain
Magnapaulia,Cretaceous,herbivore,North America
Magnirostris,Cretaceous,herbivore,China
Magnosaurus,Jurassic,carnivore,England
Magulodon,Cretaceous,herbivore,North America
Magyarosaurus,Cretaceous,herbivore,Romania
Mahakala,Cretaceous,carnivore,Mongolia
Maiasaura,Cretaceous,herbivore,North America
Majungasaurus,Late Cretaceous,carnivore,Madagascar
Malarguesaurus,Cretaceous,herbivore,South America
Malawisaurus,Cretaceous,herbivore,Malawi
Maleevus,Cretaceous,herbivore,Mongolia
Mamenchisaurus,Jurassic,herbivore,"China, Mongolia & Thailand"
Mandschurosaurus,Cretaceous,herbivore,China & Laos
Manidens,Jurassic,omnivore,South America
Mantellisaurus,Cretaceous,herbivore,"Belgium, England, Germany"
Mantellodon,Cretaceous,herbivore,England
Mapusaurus,Cretaceous,carnivore,South America
Marisaurus,Cretaceous,herbivore,Pakistan
Marshosaurus,Jurassic,carnivore,North America
Martharaptor,Cretaceous,carnivore,North America
Masiakasaurus,Late Cretaceous,carnivore,Madagascar
Massospondylus,Jurassic,herbivore,"South Africa, Lesotho, Zimbabwe"
Matheronodon,Cretaceous,herbivore,France
Maxakalisaurus,Cretaceous,herbivore,South America
Medusaceratops,Cretaceous,herbivore,North America
Megacervixosaurus,Cretaceous,herbivore,China
Megalosaurus,Jurassic,carnivore,"England, France, Austria, Romania, Belgium"
Megaraptor,Cretaceous,carnivore,South America
Mei,Cretaceous,carnivore,China
Melanorosaurus,Triassic,herbivore,South Africa
Mendozasaurus,Cretaceous,herbivore,South America
Mercuriceratops,Cretaceous,herbivore,North America
Merosaurus,Jurassic,carnivore,England
Metriacanthosaurus,Jurassic,carnivore,England
Microcephale,Cretaceous,herbivore,North America
Microceratus,Cretaceous,herbivore,Mongolia
Microcoelus,Cretaceous,herbivore,South America
Microdontosaurus,(unknown),herbivore,China
Microhadrosaurus,Cretaceous,herbivore,China
Micropachycephalosaurus,Cretaceous,herbivore,China
Microraptor,Cretaceous,carnivore,China
Microvenator,Cretaceous,carnivore,North America
Minmi,Early Cretaceous,herbivore,Australia
Minotaurasaurus,Cretaceous,herbivore,Mongolia
Miragaia,Jurassic,herbivore,Portugal
Mirischia,Cretaceous,carnivore,South America
Moabosaurus,Cretaceous,herbivore,North America
Mochlodon,Cretaceous,herbivore,Austria
Mojoceratops,Cretaceous,herbivore,North America
Mongolosaurus,Cretaceous,herbivore,China
Monkonosaurus,Jurassic,herbivore,China
Monoclonius,Cretaceous,herbivore,North America
Monolophosaurus,Jurassic,carnivore,China
Mononykus,Cretaceous,carnivore,Mongolia
Montanoceratops,Cretaceous,herbivore,North America
Morelladon,Cretaceous,herbivore,Spain
Morinosaurus,Cretaceous,herbivore,France
Moros,Cretaceous,carnivore,North America
Morrosaurus,Late Cretaceous,herbivore,Antarctica
Mosaiceratops,Cretaceous,herbivore,China
Mussaurus,Triassic,herbivore,South America
Muttaburrasaurus,Early Cretaceous,herbivore,Australia
Muyelensaurus,Cretaceous,herbivore,South America
Mymoorapelta,Jurassic,herbivore,North America
Naashoibitosaurus,Cretaceous,herbivore,North America
Nambalia,Late Triassic,omnivore,India
Nankangia,Cretaceous,omnivore,China
Nanningosaurus,Cretaceous,herbivore,China
Nanosaurus,Jurassic,herbivore,North America
Nanotyrannus,Cretaceous,carnivore,North America
Nanshiungosaurus,Cretaceous,herbivore,China
Nanuqsaurus,Cretaceous,carnivore,North America
Nanyangosaurus,Cretaceous,herbivore,China
Narambuenatitan,Cretaceous,herbivore,South America
Nasutoceratops,Cretaceous,herbivore,North America
Nebulasaurus,Jurassic,herbivore,China
Nedcolbertia,Cretaceous,carnivore,North America
Nedoceratops,Cretaceous,herbivore,North America
Neimongosaurus,Cretaceous,herbivore,China
Nemegtomaia,Cretaceous,carnivore/omnivore,Mongolia
Nemegtonykus,Cretaceous,carnivore,Mongolia
Nemegtosaurus,Cretaceous,herbivore,Mongolia
Neosodon,Jurassic,herbivore,France
Neovenator,Cretaceous,carnivore,England
Neuquenraptor,Cretaceous,carnivore,South America
Neuquensaurus,Cretaceous,herbivore,South America
Newtonsaurus,Triassic,carnivore,England
Ngexisaurus,Jurassic,carnivore,China
Ngwevu,Jurassic,Herbivore,South Africa
Nigersaurus,Cretaceous,herbivore,Niger
Ningyuansaurus,Cretaceous,omnivore,China
Niobrarasaurus,Cretaceous,herbivore,North America
Nipponosaurus,Cretaceous,herbivore,Russia
Noasaurus,Cretaceous,carnivore,South America
Nodocephalosaurus,Cretaceous,herbivore,North America
Nodosaurus,Cretaceous,herbivore,North America
Nomingia,Cretaceous,carnivore/omnivore,Mongolia
Nopcsaspondylus,Cretaceous,herbivore,South America
Normanniasaurus,Cretaceous,herbivore,France
Nothronychus,Cretaceous,herbivore,North America
Notoceratops,Cretaceous,herbivore,South America
Notocolossus,Cretaceous,herbivore,South America
Notohypsilophodon,Cretaceous,herbivore,South America
Nqwebasaurus,Cretaceous,omnivore,South Africa
Nurosaurus,Cretaceous,herbivore,China
Nuthetes,Cretaceous,carnivore,England
Nyasasaurus,Triassic,carnivore,Tanzania
Ohmdenosaurus,Jurassic,herbivore,Germany
Ojoceratops,Cretaceous,herbivore,North America
Ojoraptorsaurus,Cretaceous,omnivore,North America
Olorotitan,Cretaceous,herbivore,Russia
Omeisaurus,Jurassic,herbivore,China
Oohkotokia,Cretaceous,herbivore,North America
Opisthocoelicaudia,Cretaceous,herbivore,Mongolia
Oplosaurus,Cretaceous,herbivore,England
Orcomimus,Cretaceous,omnivore,North America
Orkoraptor,Cretaceous,carnivore,South America
Ornithodesmus,Cretaceous,carnivore,England
Ornitholestes,Jurassic,carnivore,North America
Ornithomimoides,Late Cretaceous,carnivore,India
Ornithomimus,Cretaceous,omnivore,North America
Ornithopsis,Cretaceous,herbivore,England
Orodromeus,Cretaceous,herbivore,North America
Orthogoniosaurus,Late Cretaceous,carnivore,India
Orthomerus,Cretaceous,herbivore,"Netherlands, Belgium"
Oryctodromeus,Cretaceous,herbivore,North America
Oshanosaurus,Jurassic,herbivore,China
Osmakasaurus,Cretaceous,herbivore,North America
Ostafrikasaurus,Jurassic,carnivore,Tanzania
Othnielia,Jurassic,herbivore,North America
Othnielosaurus,Jurassic,herbivore,North America
Otogosaurus,Cretaceous,herbivore,China
Ouranosaurus,Cretaceous,herbivore,Niger
Overosaurus,Cretaceous,herbivore,South America
Oviraptor,Cretaceous,omnivore,Mongolia
Owenodon,Cretaceous,herbivore,England
Oxalaia,Cretaceous,carnivore,South America
Ozraptor,Middle Jurassic,carnivore,Australia
Pachycephalosaurus,Cretaceous,herbivore,North America
Pachyrhinosaurus,Cretaceous,herbivore,North America
Pachysuchus,Jurassic,herbivore,China
Padillasaurus,Cretaceous,herbivore,South America
Pakisaurus,Cretaceous,herbivore,Pakistan
Palaeopteryx,Jurassic,insectivore,North America
Palaeoscincus,Cretaceous,herbivore,North America
Paludititan,Cretaceous,herbivore,Romania
Pampadromaeus,Triassic,herbivore,South America
Pamparaptor,Cretaceous,carnivore,South America
Panamericansaurus,Cretaceous,herbivore,South America
Panoplosaurus,Cretaceous,herbivore,North America
Panphagia,Triassic,omnivore,South America
Pantydraco,Triassic,herbivore,England
Paralititan,Cretaceous,herbivore,Egypt
Paranthodon,Cretaceous,herbivore,South Africa
Pararhabdodon,Cretaceous,herbivore,Spain
Parasaurolophus,Cretaceous,herbivore,North America
Parksosaurus,Cretaceous,herbivore,North America
Paronychodon,Cretaceous,carnivore,North America
Parvicursor,Cretaceous,carnivore?,Mongolia
Patagonykus,Cretaceous,carnivore,South America
Patagosaurus,Jurassic,herbivore,South America
Pawpawsaurus,Cretaceous,herbivore,North America
Pectinodon,Cretaceous,carnivore,North America
Pedopenna,Jurassic,carnivore,China
Pegomastax,Jurassic,omnivore,South Africa
Peishansaurus,Cretaceous,herbivore,China
Pelecanimimus,Cretaceous,carnivore,Spain
Pellegrinisaurus,Cretaceous,herbivore,South America
Peloroplites,Cretaceous,herbivore,North America
Pelorosaurus,Cretaceous,herbivore,England & Portugal
Penelopognathus,Cretaceous,herbivore,China
Pentaceratops,Cretaceous,herbivore,North America
Petrobrasaurus,Cretaceous,herbivore,South America
Phaedrolosaurus,Cretaceous,carnivore,China
Philovenator,Cretaceous,omnivore,China
Phuwiangosaurus,Cretaceous,herbivore,Thailand
Phuwiangvenator,Cretaceous,carnivore,Thailand
Phyllodon,Jurassic,herbivore,Portugal
Piatnitzkysaurus,Jurassic,carnivore,South America
Pinacosaurus,Cretaceous,herbivore,Mongolia & China
Pitekunsaurus,Cretaceous,herbivore,South America
Piveteausaurus,Jurassic,carnivore,France
Planicoxa,Cretaceous,herbivore,North America
Plateosauravus,Triassic,herbivore,South Africa
Plateosaurus,Triassic,herbivore,"Germany, France, Switzerland, Norway, & Greenland"
Platyceratops,Cretaceous,herbivore,Mongolia
Plesiohadros,Cretaceous,herbivore,Mongolia
Pneumatoraptor,Cretaceous,carnivore,Hungary
Podokesaurus,Jurassic,carnivore,North America
Poekilopleuron,Jurassic,carnivore,England
Polacanthus,Cretaceous,herbivore,England
Polyonax,Cretaceous,herbivore,North America
Pradhania,Early Jurassic,omnivore,India
Prenocephale,Cretaceous,herbivore/omnivore,Mongolia
Prenoceratops,Cretaceous,herbivore,North America
Priconodon,Cretaceous,herbivore,North America
Priodontognathus,Jurassic,herbivore,England
Proa,Cretaceous,herbivore,Spain
Probactrosaurus,Cretaceous,herbivore,Mongolia & China
Proceratosaurus,Jurassic,carnivore,England
Procompsognathus,Triassic,carnivore,Germany
Prodeinodon,Cretaceous,carnivore,Mongolia & China
Propanoplosaurus,Cretaceous,herbivore,North America
Proplanicoxa,Cretaceous,herbivore,England
Prosaurolophus,Cretaceous,herbivore,North America
Protarchaeopteryx,Cretaceous,herbivore/omnivore,China
Protoavis,Triassic,carnivore,North America
Protoceratops,Cretaceous,herbivore,Mongolia
Protognathosaurus,Jurassic,herbivore,China
Protohadros,Cretaceous,herbivore,North America
Psittacosaurus,Cretaceous,herbivore,"China, Mongolia, Thailand (?), & Russia"
Pteropelyx,Cretaceous,herbivore,North America
Pterospondylus,Triassic,carnivore,Germany
Puertasaurus,Cretaceous,herbivore,South America
Pukyongosaurus,Cretaceous,herbivore,South Korea
Pycnonemosaurus,Cretaceous,carnivore,South America
Pyroraptor,Cretaceous,carnivore,France
Qantassaurus,Early Cretaceous,herbivore,Australia
Qianzhousaurus,Cretaceous,carnivore,China
Qiaowanlong,Cretaceous,herbivore,China
Qingxiusaurus,Cretaceous,herbivore,China
Qinlingosaurus,Cretaceous,herbivore,China
Qiupalong,Cretaceous,omnivore,Mongolia & Canada
Quaesitosaurus,Cretaceous,herbivore,Mongolia
Quetecsaurus,Cretaceous,herbivore,South America
Quilmesaurus,Cretaceous,carnivore,South America
Rahiolisaurus,Late Cretaceous,carnivore,India
Rahonavis,Late Cretaceous,carnivore,Madagascar
Rajasaurus,Late Cretaceous,carnivore,India
Rapator,Early Cretaceous,carnivore,Australia
Rapetosaurus,Late Cretaceous,herbivore,Madagascar
Raptorex,Cretaceous,carnivore,Mongolia (& China ?)
Ratchasimasaurus,Cretaceous,herbivore,Thailand
Rayososaurus,Cretaceous,herbivore,South America
Rebbachisaurus,Cretaceous,herbivore,"Morocco, Niger & Tunisia"
Regnosaurus,Cretaceous,herbivore,England
Rhabdodon,Cretaceous,herbivore,"France, Czech Republic, Romania, Spain"
Rhadinosaurus,Cretaceous,herbivore,"Austria, Romania, France, Hungary"
Rhoetosaurus,Middle Jurassic,herbivore,Australia
Riabininohadros,Cretaceous,herbivore,Russia
Richardoestesia,Cretaceous,carnivore,North America
Rinchenia,Cretaceous,omnivore,Mongolia
Rinconsaurus,Cretaceous,herbivore,South America
Riojasaurus,Triassic,herbivore,South America
Rocasaurus,Cretaceous,herbivore,South America
Ronaldoraptor,Cretaceous,omnivore,Mongolia
Rubeosaurus,Cretaceous,herbivore,North America
Ruehleia,Triassic,herbivore,Germany
Rugops,Cretaceous,carnivore,Niger
Rukwatitan,Cretaceous,herbivore,Tanzania
Ruyangosaurus,Cretaceous,herbivore,China
Sahaliyania,Cretaceous,herbivore,China
Saichania,Cretaceous,herbivore,Mongolia
Saltasaurus,Cretaceous,herbivore,South America
Saltriovenator,Jurassic,carnivore,Italy
Sanchusaurus,Cretaceous,herbivore,Japan
Sangonghesaurus,Jurassic/Cretaceous,herbivore,China
Sanjuansaurus,Triassic,carnivore,South America
Sanpasaurus,Jurassic,herbivore,China
Santanaraptor,Cretaceous,carnivore,South America
Sarahsaurus,Jurassic,herbivore,North America
Sarcolestes,Jurassic,herbivore,England
Sarcosaurus,Jurassic,carnivore,England
Sarmientosaurus,Cretaceous,herbivore,South America
Saturnalia,Triassic,herbivore,South America
Saurolophus,Cretaceous,herbivore,"Mongolia, USA, Canada & China"
Saurolophus,Cretaceous,herbivore,North America
Sauroniops,Cretaceous,carnivore,Morocco
Sauropelta,Cretaceous,herbivore,North America
Saurophaganax,Jurassic,carnivore,North America
Sauroplites,Cretaceous,herbivore,China
Sauroposeidon,Cretaceous,herbivore,North America
Saurornithoides,Cretaceous,carnivore,Mongolia
Saurornitholestes,Cretaceous,carnivore,North America
Savannasaurus,Late Cretaceous,herbivore,Australia
Scansoriopteryx,Jurassic,carnivore,China
Scelidosaurus,Jurassic,herbivore,England
Scipionyx,Cretaceous,carnivore,Italy
Sciurumimus,Jurassic,carnivore,Germany
Scolosaurus,Cretaceous,herbivore,North America
Scutellosaurus,Jurassic,herbivore,North America
Secernosaurus,Cretaceous,herbivore,South America
Segisaurus,Jurassic,carnivore,North America
Segnosaurus,Cretaceous,herbivore/omnivore,Mongolia
Seitaad,Jurassic,herbivore,North America
Sellacoxa,Cretaceous,herbivore,England
Serendipaceratops,Early Cretaceous,herbivore,Australia
Shamosaurus,Cretaceous,herbivore,Mongolia
Shanag,Cretaceous,carnivore,Mongolia
Shantungosaurus,Cretaceous,herbivore,China
Shanxia,Cretaceous,herbivore,China
Shanyangosaurus,Cretaceous,(unknown),China
Shaochilong,Cretaceous,carnivore,China
Shenzhousaurus,Cretaceous,herbivore,China
Shidaisaurus,Jurassic,carnivore,China
Shishugounykus,Jurassic,carnivore,China
Shixinggia,Cretaceous,omnivore,China
Shuangmiaosaurus,Cretaceous,herbivore,China
Shunosaurus,Jurassic,herbivore,China
Shuvuuia,Cretaceous,carnivore,Mongolia
Siamodon,Cretaceous,herbivore,Thailand
Siamosaurus,Cretaceous,carnivore,Thailand
Siamotyrannus,Cretaceous,carnivore,Thailand
Siamraptor,Cretaceous,Carnivore,Thailand
Siats,Cretaceous,carnivore,North America
Sigilmassasaurus,Cretaceous,carnivore,Morocco
Siluosaurus,Cretaceous,herbivore,China
Silvisaurus,Cretaceous,herbivore,North America
Similicaudipteryx,Cretaceous,omnivore,China
Sinocalliopteryx,Cretaceous,carnivore,China
Sinoceratops,Cretaceous,herbivore,China
Sinocoelurus,Jurassic,carnivore,China
Sinopliosaurus,Cretaceous,carnivore,China
Sinornithoides,Cretaceous,carnivore,China
Sinornithomimus,Cretaceous,omnivore,China
Sinornithosaurus,Cretaceous,carnivore,China
Sinosauropteryx,Cretaceous,carnivore,China
Sinosaurus,Triassic/Jurassic,carnivore,China
Sinotyrannus,Cretaceous,carnivore,China
Sinovenator,Cretaceous,carnivore,China
Sinraptor,Jurassic,carnivore,China
Sinusonasus,Cretaceous,carnivore,China
Sirindhorna,Cretaceous,herbivore,Thailand
Skorpiovenator,Cretaceous,carnivore,South America
Sonidosaurus,Cretaceous,herbivore,China
Sonorasaurus,Cretaceous,herbivore,North America
Soriatitan,Cretaceous,herbivore,Spain
Sphaerotholus,Cretaceous,herbivore,North America
Spinophorosaurus,Jurassic,herbivore,Niger
Spinops,Cretaceous,herbivore,North America
Spinosaurus,Cretaceous,carnivore,Egypt & Morocco
Spinostropheus,Jurassic,carnivore,Niger
SPS 100/44,Cretaceous,carnivore/omnivore,Mongolia
Staurikosaurus,Triassic,carnivore,South America
Stegoceras,Cretaceous,herbivore,North America
Stegopelta,Cretaceous,herbivore,North America
Stegosaurides,Cretaceous,herbivore,China
Stegosaurus,Jurassic,herbivore,North America
Stegosaurus,Jurassic,herbivore,Portugal & USA
Stenonychosaurus,Cretaceous,carnivore,North America
Stenopelix,Cretaceous,herbivore,Germany
Stephanosaurus,Cretaceous,herbivore,North America
Stokesosaurus,Jurassic,carnivore,North America
Streptospondylus,Jurassic,carnivore,France
Struthiomimus,Cretaceous,omnivore,North America
Struthiosaurus,Cretaceous,herbivore,"Austria, France, Romania, Hungary"
Stygimoloch,Cretaceous,herbivore,North America
Styracosaurus,Cretaceous,herbivore,North America
Suchomimus,Cretaceous,carnivore,Niger
Suchosaurus,Cretaceous,carnivore,England
Sugiyamasaurus,Cretaceous,herbivore,Japan
Sulaimanisaurus,Cretaceous,herbivore,Pakistan
Supersaurus,Jurassic,herbivore,North America
Suskityrannus,Cretaceous,Carnivore,North America
Suuwassea,Jurassic,herbivore,North America
Suzhousaurus,Cretaceous,herbivore,China
Szechuanoraptor,Jurassic,herbivore,China
Szechuanosaurus,Jurassic,carnivore,China
Talarurus,Cretaceous,herbivore,Mongolia
Talenkauen,Cretaceous,herbivore,South America
Talos,Cretaceous,carnivore,North America
Tambatitanis,Cretaceous,herbivore,Japan
Tangvayosaurus,Cretaceous,herbivore,Laos
Tanius,Cretaceous,herbivore,China
Tanycolagreus,Jurassic,carnivore,North America
Tanystrosuchus,Triassic,carnivore,Germany
Taohelong,Cretaceous,herbivore,China
Tapuiasaurus,Cretaceous,herbivore,South America
Tarascosaurus,Cretaceous,carnivore,France
Tarbosaurus,Cretaceous,carnivore,Mongolia & China
Tarchia,Cretaceous,herbivore,Mongolia
Tastavinsaurus,Cretaceous,herbivore,Spain
Tatankacephalus,Cretaceous,herbivore,North America
Tatankaceratops,Cretaceous,herbivore,North America
Tataouinea,Cretaceous,herbivore,Tunisia
Tatisaurus,Jurassic,herbivore,China
Taurovenator,Cretaceous,carnivore,South America
Taveirosaurus,Cretaceous,herbivore,"Portugal, Spain"
Tawa,Triassic,carnivore,North America
Tazoudasaurus,Jurassic,herbivore,Morocco
Tehuelchesaurus,Jurassic,herbivore,South America
Teinurosaurus,Jurassic,carnivore,Portugal
Telmatosaurus,Cretaceous,herbivore,Romania
Tendaguria,Jurassic,herbivore,Tanzania
Tengrisaurus,Cretaceous,herbivore,Russia
Tenontosaurus,Cretaceous,herbivore,North America
Teratophoneus,Cretaceous,carnivore,North America
Tethyshadros,Cretaceous,herbivore,Italy
Texacephale,Cretaceous,herbivore,North America
Texasetes,Cretaceous,herbivore,North America
Thanos,Cretaceous,carnivore,South America
Thecocoelurus,Cretaceous,carnivore,England
Thecodontosaurus,Triassic,herbivore,England
Thecospondylus,Cretaceous,(carnivore),England
Theiophytalia,Cretaceous,herbivore,North America
Therizinosaurus,Cretaceous,herbivore,Mongolia
Therosaurus,Cretaceous,herbivore,England
Thescelosaurus,Cretaceous,herbivore,North America
Thespesius,Cretaceous,herbivore,North America
Thotobolosaurus,Triassic,herbivore,Lesotho
Tianchisaurus,Jurassic,herbivore,China
Tianyulong,Jurassic,omnivore,China
Tianyuraptor,Cretaceous,carnivore,China
Tianzhenosaurus,Cretaceous,herbivore,China
Tichosteus,Jurassic,herbivore,North America
Tienshanosaurus,Jurassic,herbivore,China
Timimus,Early Cretaceous,?,Australia
Titanoceratops,Cretaceous,herbivore,North America
Titanosaurus,Late Cretaceous,herbivore,India
Tochisaurus,Cretaceous,omnivore,Mongolia
Tonganosaurus,Jurassic,herbivore,China
Tonouchisaurus,Cretaceous,(unknown),Mongolia
Tornieria,Jurassic,herbivore,Tanzania
Torosaurus,Cretaceous,herbivore,North America
Torvosaurus,Jurassic,carnivore,North America
Torvosaurus,Jurassic,carnivore,Portugal & USA
Trachodon,Cretaceous,herbivore,North America
Tralkasaurus,Cretaceous,carnivore,South America
Traukutitan,Cretaceous,herbivore,South America
Triceratops,Cretaceous,herbivore,North America
Trigonosaurus,Cretaceous,herbivore,South America
Trimucrodon,Jurassic,herbivore,Portugal
Trinisaura,Late Cretaceous,herbivore,Antarctica
Troodon,Cretaceous,carnivore,North America
Tsaagan,Cretaceous,carnivore,Mongolia
Tsagantegia,Cretaceous,herbivore,Mongolia
Tsintaosaurus,Cretaceous,herbivore,China
Tugulusaurus,Cretaceous,carnivore?,China
Tuojiangosaurus,Jurassic,herbivore,China
Turanoceratops,Cretaceous,herbivore,Uzbekistan
Turiasaurus,Jurassic/Cretaceous,herbivore,"Spain, Portugal"
Tylocephale,Cretaceous,herbivore,Mongolia
Tyrannosaurus,Cretaceous,carnivore,North America
Tyrannotitan,Cretaceous,carnivore,South America
Uberabatitan,Cretaceous,herbivore,South America
Udanoceratops,Cretaceous,herbivore,Mongolia
Ultrasaurus,Cretaceous,herbivore,South Korea
Unaysaurus,Triassic,herbivore,South America
Unenlagia,Cretaceous,carnivore,South America
Unescoceratops,Cretaceous,herbivore,North America
Unquillosaurus,Cretaceous,carnivore,South America
Urbacodon,Cretaceous,carnivore,Uzbekistan
Utahceratops,Cretaceous,herbivore,North America
Utahraptor,Cretaceous,carnivore,North America
Uteodon,Jurassic,herbivore,North America
Vagaceratops,Cretaceous,herbivore,North America
Vahiny,Late Cretaceous,herbivore,Madagascar
Valdoraptor,Cretaceous,carnivore,England
Valdosaurus,Cretaceous,herbivore,England
Vallibonavenatrix,Cretaceous,carnivore,Spain
Variraptor,Cretaceous,carnivore,England
Vayuraptor,Cretaceous,carnivore,Thailand
Velafrons,Cretaceous,herbivore,North America
Velocipes,Triassic,carnivore,Poland
Velociraptor,Cretaceous,carnivore,Mongolia & China
Velocisaurus,Cretaceous,carnivore,South America
Venenosaurus,Cretaceous,herbivore,North America
Veterupristisaurus,Jurassic,carnivore,Tanzania
Vitakridrinda,Cretaceous,carnivore,Pakistan
Vitakrisaurus,Cretaceous,carnivore,Pakistan
Volkheimeria,Jurassic,herbivore,South America
Vouivria,Jurassic,herbivore,France
Vulcanodon,Jurassic,herbivore,Zimbabwe
Wakinosaurus,Cretaceous,carnivore,Japan
Walgettosuchus,Early Cretaceous,carnivore,Australia
Wamweracaudia,Jurassic,herbivore,Tanzania
Wannanosaurus,Cretaceous,herbivore,China
Weewarrasaurus,Late Cretaceous,herbivore,Australia
Wellnhoferia,Jurassic,carnivore,Germany
Willinakaqe,Cretaceous,herbivore,South America
Wintonotitan,Early Cretaceous,herbivore,Australia
Wuerhosaurus,Cretaceous,herbivore,China & Mongolia
Wulagasaurus,Cretaceous,herbivore,China
Wulatelong,Cretaceous,omnivore,China
Xenoceratops,Cretaceous,herbivore,North America
Xenoposeidon,Cretaceous,herbivore,England
Xenotarsosaurus,Cretaceous,carnivore,South America
Xianshanosaurus,Cretaceous,herbivore,China
Xiaosaurus,Jurassic,herbivore,China
Xiaotingia,Jurassic,carnivore,China
Xinjiangovenator,Cretaceous,carnivore,Formerly referred to Phaedrolosaurus.
Xinjiangtitan,Jurassic,herbivore,A sauropod with an unusually long neck.
Xiongguanlong,Cretaceous,carnivore,China
Xixianykus,Cretaceous,(unknown),China
Xixiasaurus,Cretaceous,carnivore,A troodontid.
Xixiposaurus,Jurassic,omnivore,A basal sauropodomorph.
Xuanhanosaurus,Jurassic,carnivore,It was once thought to walk on four legs. This is now unlikely.
Xuanhuaceratops,Jurassic,herbivore,A basal ceratopsian.
Xunmenglong,Cretaceous,Carnivore,China
Xuwulong,Cretaceous,herbivore,China
Yamaceratops,Cretaceous,herbivore,Mongolia
Yamanasaurus,Cretaceous,herbivore,South America
Yandusaurus,Jurassic,herbivore,China
Yangchuanosaurus,Jurassic,carnivore,China
Yaverlandia,Cretaceous,carnivore,England
Yibinosaurus,Jurassic,herbivore,Probably a sauropod.
Yimenosaurus,Jurassic,herbivore,A large basal sauropodomorph.
Yingshanosaurus,Jurassic,herbivore,China
Yinlong,Jurassic,herbivore,A basal ceratopsian.
Yixianosaurus,Cretaceous,carnivore,The only anchiornithid to live in the Cretaceous.
Yizhousaurus,Jurassic,herbivore,This name was a nomen nudum for eight years and was only formally described in 2018.
Yongjinglong,Cretaceous,herbivore,A very large sauropod.
Yuanmousaurus,Jurassic,herbivore,A mamenchisaurid sauropod.
Yueosaurus,Cretaceous,herbivore,Probably a relative of Jeholosaurus.
Yulong,Cretaceous,omnivore,A small oviraptorosaur.
Yunganglong,Cretaceous,herbivore,A hadrosauroid.
Yunnanosaurus,Jurassic,herbivore,A basal sauropodomorph.
Yunxianosaurus,Cretaceous,herbivore,Possibly a titanosaur.
Yurgovuchia,Cretaceous,carnivore,North America
Yutyrannus,Cretaceous,carnivore,China
Zalmoxes,Cretaceous,herbivore,Romania
Zanabazar,Cretaceous,carnivore,Mongolia
Zapalasaurus,Cretaceous,herbivore,South America
Zapsalis,Cretaceous,carnivore,North America
Zby,Jurassic,herbivore,Portugal
Zephyrosaurus,Cretaceous,herbivore,North America
Zhanghenglong,Cretaceous,herbivore,China
Zhejiangosaurus,Cretaceous,herbivore,China
Zhongornis,Cretaceous,(unknown),China
Zhongyuansaurus,Cretaceous,herbivore,China
Zhuchengceratops,Cretaceous,herbivore,China
Zhuchengtyrannus,Cretaceous,carnivore,China
Ziapelta,Cretaceous,herbivore,North America
Zigongosaurus,Jurassic,herbivore,China
Zizhongosaurus,Jurassic,herbivore,China
Zuniceratops,Cretaceous,herbivore,North America
Zuolong,Jurassic,carnivore,China
Zupaysaurus,Triassic,carnivore,South America
Zuul,Cretaceous,herbivore,North America